time,open,high,low,close
1990-06-25,1.052094,1.072927,1.03126,1.055566
1990-07-02,1.055566,1.055566,0.982649,1.017371
1990-07-09,1.017371,1.118067,1.017371,1.088553
1990-07-16,1.090289,1.121539,1.013899,1.017371
1990-07-23,1.017371,1.027788,0.916676,0.958343
1990-07-30,0.958343,0.958343,0.83855,0.878481
1990-08-06,0.86112,0.913204,0.812508,0.895842
1990-08-13,0.895842,0.91494,0.833342,0.836814
1990-08-20,0.836814,0.840286,0.704868,0.795147
1990-08-27,0.819453,0.885426,0.819453,0.854175
1990-09-03,0.854175,0.875009,0.781258,0.802091
1990-09-10,0.802091,0.836814,0.756952,0.829869
1990-09-17,0.829869,0.878481,0.812508,0.840286
1990-09-24,0.833342,0.881953,0.798619,0.875009
1990-10-01,0.895842,0.951398,0.864592,0.899315
1990-10-08,0.899315,0.92362,0.750008,0.791675
1990-10-15,0.791675,0.878481,0.743063,0.86112
1990-10-22,0.86112,0.920148,0.857647,0.880217
1990-10-29,0.880217,0.913204,0.86112,0.902787
1990-11-05,0.902787,0.92362,0.875009,0.899315
1990-11-12,0.916676,0.972232,0.916676,0.944454
1990-11-19,0.944454,0.979176,0.930565,0.954871
1990-11-26,0.954871,1.03126,0.940982,1.003482
1990-12-03,1.010427,1.065983,1.003482,1.03126
1990-12-10,1.03126,1.046885,0.979176,1.02258
1990-12-17,1.02258,1.055566,1.006955,1.052094
1990-12-24,1.048622,1.052094,1.03126,1.041677
1990-12-31,1.041677,1.062511,1.034733,1.05383
1991-01-07,1.05383,1.097233,1.013899,1.083344
1991-01-14,1.0764,1.197929,1.048622,1.18404
1991-01-21,1.18404,1.263902,1.175359,1.243068
1991-01-28,1.243068,1.402792,1.236123,1.385431
1991-02-04,1.385431,1.513904,1.361125,1.444459
1991-02-11,1.444459,1.467029,1.375014,1.434042
1991-02-18,1.434042,1.451403,1.385431,1.420153
1991-02-25,1.420153,1.475709,1.395847,1.468765
1991-03-04,1.468765,1.56946,1.413209,1.423625
1991-03-11,1.423625,1.423625,1.328138,1.342027
1991-03-18,1.342027,1.402792,1.29168,1.302096
1991-03-25,1.305569,1.517376,1.305569,1.473973
1991-04-01,1.473973,1.621544,1.451403,1.527793
1991-04-08,1.527793,1.572932,1.440987,1.489598
1991-04-15,1.489598,1.631961,1.458348,1.489598
1991-04-22,1.475709,1.475709,1.371541,1.39932
1991-04-29,1.39932,1.423625,1.333347,1.406264
1991-05-06,1.406264,1.486126,1.392375,1.427098
1991-05-13,1.427098,1.440987,1.342027,1.378486
1991-05-20,1.378486,1.562516,1.357652,1.527793
1991-05-27,1.527793,1.555571,1.500015,1.524321
1991-06-03,1.524321,1.586821,1.510432,1.531265
1991-06-10,1.531265,1.579877,1.524321,1.576405
1991-06-17,1.576405,1.593766,1.375014,1.420153
1991-06-24,1.409736,1.432299,1.35418,1.419278
1991-07-01,1.419278,1.505216,1.281256,1.286465
1991-07-08,1.286465,1.432299,1.260423,1.416674
1991-07-15,1.42709,1.463549,1.354173,1.411465
1991-07-22,1.411465,1.494799,1.354173,1.479174
1991-07-29,1.479174,1.557299,1.432299,1.526049
1991-08-05,1.526049,1.708342,1.494799,1.6823
1991-08-12,1.6823,1.7448,1.661467,1.703134
1991-08-19,1.692717,1.802092,1.604175,1.776051
1991-08-26,1.776051,1.807301,1.739592,1.776051
1991-09-02,1.770842,1.770842,1.666675,1.6823
1991-09-09,1.6823,1.786467,1.666675,1.729175
1991-09-16,1.729175,1.817717,1.708342,1.802092
1991-09-23,1.802092,1.875009,1.760425,1.838551
1991-09-30,1.838551,1.885426,1.796884,1.835947
1991-10-07,1.835947,1.901051,1.807301,1.867197
1991-10-14,1.875009,1.921885,1.843759,1.875009
1991-10-21,1.875009,1.932301,1.859384,1.864593
1991-10-28,1.864593,1.984385,1.828134,1.929697
1991-11-04,1.927093,2.015635,1.890634,1.984385
1991-11-11,1.992197,2.119802,1.973968,1.979177
1991-11-18,1.979177,2.036469,1.963551,2.00001
1991-11-25,2.00001,2.036469,1.932301,2.026052
1991-12-02,2.005218,2.192719,2.00001,2.171886
1991-12-09,2.151052,2.161469,2.072927,2.125011
1991-12-16,2.125011,2.187511,2.088552,2.151052
1991-12-23,2.151052,2.322928,2.135427,2.299491
1991-12-30,2.302095,2.390637,2.265636,2.354178
1992-01-06,2.359387,2.687513,2.341158,2.609388
1992-01-13,2.583346,2.776056,2.557304,2.63543
1992-01-20,2.651055,2.695326,2.416679,2.596367
1992-01-27,2.598971,2.619805,2.416679,2.505221
1992-02-03,2.463554,2.687513,2.447929,2.619805
1992-02-10,2.617201,2.640638,2.458346,2.468762
1992-02-17,2.484387,2.546888,2.364595,2.385429
1992-02-24,2.385429,2.63543,2.354178,2.57293
1992-03-02,2.578138,2.619805,2.432304,2.463554
1992-03-09,2.473971,2.567721,2.463554,2.520846
1992-03-16,2.520846,2.713555,2.510429,2.677097
1992-03-23,2.677097,2.705743,2.489596,2.526054
1992-03-30,2.531263,2.541679,2.432304,2.447929
1992-04-06,2.453137,2.552096,2.359387,2.416679
1992-04-13,2.432304,2.692722,2.38022,2.658867
1992-04-20,2.593763,2.60418,2.333345,2.338553
1992-04-27,2.343762,2.427095,2.229178,2.369804
1992-05-04,2.364595,2.447929,2.343762,2.385429
1992-05-11,2.390637,2.401054,2.276053,2.291678
1992-05-18,2.307303,2.437512,2.302095,2.41147
1992-05-25,2.416679,2.546888,2.385429,2.520846
1992-06-01,2.510429,2.593763,2.500013,2.520846
1992-06-08,2.515638,2.520846,2.239595,2.343762
1992-06-15,2.34375,2.4375,2.21875,2.296875
1992-06-22,2.289063,2.367188,2.054688,2.085938
1992-06-29,2.140625,2.28125,2.132813,2.183594
1992-07-06,2.1875,2.210938,2.054688,2.171875
1992-07-13,2.179688,2.289063,2.140625,2.195313
1992-07-20,2.171875,2.304688,2.140625,2.273438
1992-07-27,2.273438,2.335938,2.25,2.273438
1992-08-03,2.273438,2.328125,2.195313,2.210938
1992-08-10,2.21875,2.265625,2.1875,2.21875
1992-08-17,2.210938,2.21875,2.125,2.179688
1992-08-24,2.175781,2.328125,2.140625,2.324219
1992-08-31,2.320313,2.414063,2.289063,2.375
1992-09-07,2.375,2.476563,2.351563,2.460938
1992-09-14,2.492188,2.5625,2.449219,2.496094
1992-09-21,2.460938,2.515625,2.375,2.460938
1992-09-28,2.390625,2.53125,2.382813,2.460938
1992-10-05,2.453125,2.640625,2.367188,2.574219
1992-10-12,2.59375,2.671875,2.585938,2.667969
1992-10-19,2.65625,2.820313,2.65625,2.769531
1992-10-26,2.765625,2.820313,2.726563,2.773438
1992-11-02,2.78125,2.914063,2.738281,2.898438
1992-11-09,2.898438,2.96875,2.828125,2.914063
1992-11-16,2.90625,2.96875,2.789063,2.96875
1992-11-23,2.820313,2.898438,2.726563,2.867188
1992-11-30,2.890625,2.921875,2.828125,2.867188
1992-12-07,2.875,2.9375,2.679688,2.699219
1992-12-14,2.710938,2.820313,2.664063,2.8125
1992-12-21,2.804688,2.875,2.6875,2.726563
1992-12-28,2.726563,2.742188,2.664063,2.667969
1993-01-04,2.65625,2.808594,2.640625,2.722656
1993-01-11,2.726563,2.9375,2.695313,2.804688
1993-01-18,2.796875,2.820313,2.710938,2.792969
1993-01-25,2.789063,2.820313,2.648438,2.703125
1993-02-01,2.695313,2.820313,2.570313,2.78125
1993-02-08,2.765625,2.78125,2.601563,2.613281
1993-02-15,2.589844,2.617188,2.414063,2.492188
1993-02-22,2.492188,2.65625,2.398438,2.605469
1993-03-01,2.617188,2.671875,2.539063,2.585938
1993-03-08,2.582031,2.789063,2.5625,2.78125
1993-03-15,2.789063,2.789063,2.625,2.632813
1993-03-22,2.601563,2.757813,2.578125,2.707031
1993-03-29,2.710938,2.960938,2.710938,2.804688
1993-04-05,2.773438,2.90625,2.75,2.78125
1993-04-12,2.773438,2.882813,2.671875,2.71875
1993-04-19,2.71875,2.734375,2.523438,2.542969
1993-04-26,2.546875,2.710938,2.492188,2.671875
1993-05-03,2.671875,2.8125,2.65625,2.71875
1993-05-10,2.765625,2.8125,2.640625,2.671875
1993-05-17,2.679688,2.976563,2.664063,2.890625
1993-05-24,2.882813,2.984375,2.8125,2.894531
1993-05-31,2.90625,3.0625,2.898438,2.9375
1993-06-07,2.945313,2.992188,2.78125,2.792969
1993-06-14,2.84375,2.914063,2.71875,2.734375
1993-06-21,2.773438,2.804688,2.710938,2.765625
1993-06-28,2.773438,2.867188,2.703125,2.726563
1993-07-05,2.710938,2.742188,2.539063,2.644531
1993-07-12,2.648438,2.671875,2.523438,2.535156
1993-07-19,2.484375,2.554688,2.398438,2.425781
1993-07-26,2.445313,2.523438,2.25,2.3125
1993-08-02,2.335938,2.371094,2.242188,2.289063
1993-08-09,2.289063,2.367188,2.199219,2.351563
1993-08-16,2.367188,2.476563,2.289063,2.382813
1993-08-23,2.359375,2.445313,2.226563,2.246094
1993-08-30,2.265625,2.453125,2.242188,2.367188
1993-09-06,2.367188,2.445313,2.289063,2.4375
1993-09-13,2.453125,2.453125,2.320313,2.375
1993-09-20,2.382813,2.523438,2.335938,2.5
1993-09-27,2.554688,2.632813,2.523438,2.5625
1993-10-04,2.578125,2.679688,2.570313,2.640625
1993-10-11,2.640625,2.664063,2.507813,2.523438
1993-10-18,2.53125,2.625,2.4375,2.511719
1993-10-25,2.515625,2.539063,2.460938,2.503906
1993-11-01,2.507813,2.546875,2.375,2.460938
1993-11-08,2.46875,2.578125,2.429688,2.558594
1993-11-15,2.5625,2.59375,2.484375,2.503906
1993-11-22,2.492188,2.492188,2.390625,2.46875
1993-11-29,2.46875,2.703125,2.445313,2.679688
1993-12-06,2.65625,2.6875,2.515625,2.558594
1993-12-13,2.546875,2.5625,2.476563,2.515625
1993-12-20,2.53125,2.578125,2.515625,2.527344
1993-12-27,2.523438,2.609375,2.492188,2.519531
1994-01-03,2.515625,2.679688,2.476563,2.664063
1994-01-10,2.65625,2.703125,2.617188,2.675781
1994-01-17,2.664063,2.71875,2.578125,2.695313
1994-01-24,2.6875,2.71875,2.601563,2.652344
1994-01-31,2.664063,2.683594,2.539063,2.539063
1994-02-07,2.492188,2.539063,2.4375,2.460938
1994-02-14,2.46875,2.523438,2.4375,2.5
1994-02-21,2.5,2.5625,2.445313,2.53125
1994-02-28,2.539063,2.601563,2.515625,2.53125
1994-03-07,2.539063,2.570313,2.492188,2.554688
1994-03-14,2.578125,2.664063,2.570313,2.648438
1994-03-21,2.65625,2.789063,2.570313,2.734375
1994-03-28,2.734375,2.75,2.578125,2.648438
1994-04-04,2.578125,2.816406,2.570313,2.71875
1994-04-11,2.71875,2.726563,2.59375,2.652344
1994-04-18,2.648438,2.898438,2.570313,2.867188
1994-04-25,2.875,2.976563,2.851563,2.890625
1994-05-02,2.898438,3.007813,2.839844,2.882813
1994-05-09,2.867188,3.046875,2.863281,3.015625
1994-05-16,3.007813,3.101563,2.921875,3.054688
1994-05-23,3.0625,3.296875,3.03125,3.273438
1994-05-30,3.265625,3.360351,3.242188,3.304688
1994-06-06,3.289063,3.414063,3.226563,3.285156
1994-06-13,3.289063,3.414063,3.242188,3.3125
1994-06-20,3.28125,3.34375,3.078125,3.09375
1994-06-27,3.109375,3.296875,3.085938,3.140625
1994-07-04,3.148438,3.1875,2.984375,3.09375
1994-07-11,3.101563,3.101563,2.929688,3.039063
1994-07-18,3.21875,3.234375,2.953125,3.160156
1994-07-25,3.164063,3.226563,3.078125,3.21875
1994-08-01,3.226563,3.414063,3.21875,3.28125
1994-08-08,3.273438,3.5,3.25,3.453125
1994-08-15,3.46875,3.523438,3.375,3.429688
1994-08-22,3.4375,3.609375,3.40625,3.554688
1994-08-29,3.585938,3.703125,3.484375,3.5
1994-09-05,3.492188,3.625,3.480469,3.554688
1994-09-12,3.570313,3.640625,3.492188,3.554688
1994-09-19,3.570313,3.59375,3.4375,3.5
1994-09-26,3.5,3.59375,3.429688,3.507813
1994-10-03,3.507813,3.523438,3.367188,3.398438
1994-10-10,3.398438,3.609375,3.398438,3.496094
1994-10-17,3.5,3.742188,3.4375,3.710938
1994-10-24,3.71875,3.898438,3.648438,3.882813
1994-10-31,3.890625,4.007813,3.832031,3.84375
1994-11-07,3.84375,4.039063,3.796875,3.890625
1994-11-14,3.921875,4.070313,3.921875,4.007813
1994-11-21,4.03125,4.046875,3.816406,3.890625
1994-11-28,3.90625,4.023438,3.875,3.953125
1994-12-05,3.960938,4.015625,3.890625,3.945313
1994-12-12,3.945313,4.015625,3.851563,3.960938
1994-12-19,3.960938,3.976563,3.671875,3.804688
1994-12-26,3.8125,3.867188,3.75,3.820313
1995-01-02,3.84375,3.84375,3.710938,3.789063
1995-01-09,3.804688,3.9375,3.734375,3.921875
1995-01-16,3.953125,4.078125,3.828125,3.851563
1995-01-23,3.8125,3.945313,3.734375,3.742188
1995-01-30,3.757813,3.796875,3.640625,3.757813
1995-02-06,3.757813,3.914063,3.757813,3.875
1995-02-13,3.875,3.921875,3.730469,3.773438
1995-02-20,3.78125,3.882813,3.71875,3.828125
1995-02-27,3.835938,4,3.820313,3.976563
1995-03-06,3.953125,4.296875,3.929688,4.285156
1995-03-13,4.289063,4.5,4.265625,4.371094
1995-03-20,4.382813,4.632813,4.367188,4.617188
1995-03-27,4.546875,4.625,4.398438,4.445313
1995-04-03,4.4375,4.46875,4.296875,4.351563
1995-04-10,4.34375,4.578125,4.335938,4.53125
1995-04-17,4.71875,4.882813,4.625,4.6875
1995-04-24,4.710938,5.132813,4.695313,5.109375
1995-05-01,5.117188,5.234375,4.96875,5
1995-05-08,4.992188,5.140625,4.929688,5.046875
1995-05-15,5.039063,5.429688,4.992188,5.335938
1995-05-22,5.335938,5.59375,5.25,5.46875
1995-05-29,5.5,5.523438,5.0625,5.195313
1995-06-05,5.164063,5.375976,5.109375,5.304688
1995-06-12,5.289063,5.46875,5.171875,5.4375
1995-06-19,5.453125,5.773438,5.429688,5.695313
1995-06-26,5.6875,5.695313,5.246094,5.648438
1995-07-03,5.679688,5.976563,5.648438,5.976563
1995-07-10,6,6.476563,5.984375,6.476563
1995-07-17,6.734375,6.828125,5.53125,5.75
1995-07-24,5.789063,6.15625,5.75,5.789063
1995-07-31,5.820313,5.867188,5.46875,5.867188
1995-08-07,5.90625,6.132813,5.734375,6.03125
1995-08-14,6.054688,6.296875,5.984375,6.070313
1995-08-21,6.09375,6.28125,5.898438,5.898438
1995-08-28,5.898438,5.898438,5.4375,5.609375
1995-09-04,5.679688,6.039063,5.640625,5.96875
1995-09-11,5.960938,6.117188,5.78125,5.839844
1995-09-18,5.828125,5.914063,5.5625,5.609375
1995-09-25,5.65625,5.796875,5.3125,5.65625
1995-10-02,5.65625,5.679688,5.3125,5.367188
1995-10-09,5.304688,5.546875,5.023438,5.390625
1995-10-16,5.359375,6.164063,5.34375,5.96875
1995-10-23,5.9375,6.258789,5.90625,6.25
1995-10-30,6.203125,6.460938,6.140625,6.21875
1995-11-06,6.0625,6.188476,5.804688,6.054688
1995-11-13,6.039063,6.078125,5.460938,5.460938
1995-11-20,5.523438,5.59375,5.265625,5.5
1995-11-27,5.539063,5.78125,5.367188,5.390625
1995-12-04,5.382813,5.914063,5.320313,5.90625
1995-12-11,5.90625,5.921875,5.453125,5.523438
1995-12-18,5.523438,5.710938,5.335938,5.65625
1995-12-25,5.640625,5.703125,5.390625,5.484375
1996-01-01,5.492188,5.632813,5.304688,5.398438
1996-01-08,5.40625,5.476563,4.992188,5.359375
1996-01-15,5.367188,5.828125,5.117188,5.742188
1996-01-22,5.726563,5.796875,5.5625,5.65625
1996-01-29,5.671875,5.890625,5.584961,5.8125
1996-02-05,5.796875,6.265625,5.796875,6.257813
1996-02-12,6.234375,6.320313,6.09375,6.117188
1996-02-19,6.078125,6.476563,6.054688,6.46875
1996-02-26,6.4375,6.453125,5.914063,5.96875
1996-03-04,6,6.179688,5.921875,5.945313
1996-03-11,5.945313,6.445313,5.921875,6.398438
1996-03-18,6.398438,6.691406,6.234375,6.320313
1996-03-25,6.34375,6.507813,6.171875,6.445313
1996-04-01,6.446289,6.570313,6.382813,6.523438
1996-04-08,6.40625,6.5,6.226563,6.320313
1996-04-15,6.3125,7.007813,6.3125,6.859375
1996-04-22,6.90625,7.117188,6.890625,7.09375
1996-04-29,7.085938,7.203125,6.882813,6.929688
1996-05-06,6.9375,7.196289,6.851563,7.179688
1996-05-13,7.1875,7.5,7.1875,7.3125
1996-05-20,7.335938,7.445313,7.164063,7.40625
1996-05-27,7.421875,7.460938,7.289063,7.421875
1996-06-03,7.421875,7.6875,7.265625,7.578125
1996-06-10,7.5625,7.867188,7.499023,7.6875
1996-06-17,7.695313,7.8125,7.4375,7.742188
1996-06-24,7.75,7.820313,7.4375,7.507813
1996-07-01,7.515625,7.679688,7.398438,7.398438
1996-07-08,7.40625,7.585938,6.905273,7.023438
1996-07-15,7.023438,7.601563,6.71875,7.561523
1996-07-22,7.563476,7.59375,6.84375,7.445313
1996-07-29,7.453125,7.742188,7.257813,7.710938
1996-08-05,7.71875,7.867188,7.554688,7.78125
1996-08-12,7.765625,7.882813,7.710938,7.765625
1996-08-19,7.742188,7.820313,7.609375,7.703125
1996-08-26,7.710938,7.859375,7.65625,7.65625
1996-09-02,7.625,7.726563,7.539063,7.65625
1996-09-09,7.65625,8.210938,7.640625,8.1875
1996-09-16,8.195313,8.664063,8.1875,8.632813
1996-09-23,8.601563,8.648438,8.203125,8.398438
1996-09-30,8.34375,8.539063,8.179688,8.523438
1996-10-07,8.523438,8.632813,8.328125,8.570313
1996-10-14,8.585938,8.695313,8.347656,8.421875
1996-10-21,8.421875,8.617188,8.203125,8.527344
1996-10-28,8.542969,8.671875,8.429688,8.585938
1996-11-04,8.578125,9.132813,8.546875,8.96875
1996-11-11,8.960938,9.429688,8.84375,9.3125
1996-11-18,9.335938,9.875,9.289063,9.40625
1996-11-25,9.445313,9.820313,9.40625,9.804688
1996-12-02,9.84375,9.96875,9.265625,9.554688
1996-12-09,9.796875,10.65625,9.75,10
1996-12-16,10.03125,10.703125,9.546875,10.453125
1996-12-23,10.515625,10.765625,10.359375,10.53125
1996-12-30,10.671875,10.703125,10.09375,10.578125
1997-01-06,10.578125,10.65625,10.203125,10.53125
1997-01-13,10.640625,10.96875,10.4375,10.890625
1997-01-20,10.875,12.46875,10.828125,11.992188
1997-01-27,12.0625,12.90625,11.84375,12.75
1997-02-03,12.828125,12.9375,12,12.546875
1997-02-10,12.59375,12.6875,11.890625,12.234375
1997-02-17,12.203125,12.265625,11.75,11.875
1997-02-24,11.78125,12.626953,11.75,12.1875
1997-03-03,12.125,12.625,12.0625,12.09375
1997-03-10,12.140625,12.570313,11.992188,12.375
1997-03-17,12.3125,12.601563,11.609375,11.75
1997-03-24,11.640625,12.015625,10.9375,11.71875
1997-03-31,11.640625,12.09375,11.21875,11.773438
1997-04-07,11.953125,12.40625,11.867188,11.875
1997-04-14,11.84375,13.453125,11.671875,13.453125
1997-04-21,13.375,14.734375,13.265625,14.203125
1997-04-28,14.21875,15.4375,13.953125,15.09375
1997-05-05,14.953125,15.09375,14.390625,14.59375
1997-05-12,14.6875,14.90625,14.359375,14.429688
1997-05-19,14.515625,15.375,14.390625,15.359375
1997-05-26,15.34375,16.132813,14.6875,15.5
1997-06-02,15.625,15.6875,14.78125,15.507813
1997-06-09,15.609375,16.257813,15.3125,16.203125
1997-06-16,16.203125,16.867188,16,16.234375
1997-06-23,16.234375,16.65625,15.90625,15.9375
1997-06-30,15.984375,16.257813,15.40625,16.195313
1997-07-07,16.328125,16.578125,16.054688,16.21875
1997-07-14,16.351563,18.84375,16.3125,17.5625
1997-07-21,17.609375,18.359375,16.71875,17.3125
1997-07-28,17.40625,17.765625,16.96875,17.578125
1997-08-04,17.53125,18.078125,17.429688,17.5
1997-08-11,17.5,17.53125,16.59375,16.609375
1997-08-18,16.625,17.796875,16.375,17.15625
1997-08-25,17.234375,17.375,16.46875,16.523438
1997-09-01,16.640625,17.460938,16.625,17.164063
1997-09-08,17.21875,17.53125,16.609375,17.242188
1997-09-15,16.953125,17.15625,16.328125,16.898438
1997-09-22,16.875,17.007813,16.453125,16.671875
1997-09-29,16.6875,17.03125,16.421875,16.867188
1997-10-06,16.984375,17.453125,16.78125,17.0625
1997-10-13,17.125,17.234375,16.296875,16.53125
1997-10-20,16.625,17.404296,15.9375,16.921875
1997-10-27,16.859375,17.03125,15.4375,16.25
1997-11-03,16.453125,16.867188,16.234375,16.445313
1997-11-10,16.453125,16.734375,16.125,16.664063
1997-11-17,16.8125,17.25,16.671875,17.234375
1997-11-24,17.140625,17.78125,16.9375,17.6875
1997-12-01,17.742188,18.234375,17.625,17.890625
1997-12-08,17.9375,18.328125,17,17.09375
1997-12-15,17.054688,17.546875,15.78125,16.085938
1997-12-22,16.140625,16.25,14.75,15.09375
1997-12-29,15.296875,16.4375,15.265625,16.390625
1998-01-05,16.40625,16.703125,15.734375,15.875
1998-01-12,15.578125,16.921875,15.546875,16.90625
1998-01-19,16.765625,17.484375,16.75,17.28125
1998-01-26,17.484375,18.765625,17.30664,18.648438
1998-02-02,18.96875,19.84375,18.8125,19.765625
1998-02-09,19.84375,20.007813,19.453125,19.6875
1998-02-16,19.8125,19.8125,19.109375,19.390625
1998-02-23,20.21875,21.5,19.84375,21.1875
1998-03-02,21.46875,21.46875,19.71875,20.6875
1998-03-09,20.625,20.75,19.875,20.59375
1998-03-16,20.609375,20.75,19.921875,20.453125
1998-03-23,20.296875,22.734375,20.265625,21.953125
1998-03-30,22.015625,23.265625,21.78125,23.25
1998-04-06,23.15625,23.15625,21.65625,22.25
1998-04-13,22.203125,23.0625,21.6875,23.03125
1998-04-20,23.09375,24.78125,22.96875,23.03125
1998-04-27,22.375,23.0625,22.03125,22.40625
1998-05-04,22.296875,22.46875,20.46875,21.4375
1998-05-11,21.53125,22.75,20.8125,22.359375
1998-05-18,21.125,21.875,21.125,21.390625
1998-05-25,21.328125,21.625,20.71875,21.203125
1998-06-01,20.96875,21.625,20.78125,21.5625
1998-06-08,21.40625,22.09375,21,21.4375
1998-06-15,21.171875,23.6875,21.140625,23.671875
1998-06-22,23.6875,26.71875,23.421875,26.109375
1998-06-29,26.375,27.53125,26.15625,26.8125
1998-07-06,26.71875,28.3125,26.34375,28.296875
1998-07-13,28.53125,29.90625,28.40625,29.484375
1998-07-20,29.546875,29.875,27.96875,28.453125
1998-07-27,28.28125,29.21875,27.484375,27.484375
1998-08-03,27.28125,27.71875,25.375,26.46875
1998-08-10,26.453125,26.578125,25.5,26.0625
1998-08-17,25.875,28.1875,25.75,27.65625
1998-08-24,27.578125,28.4375,26.1875,26.3125
1998-08-31,26.21875,26.625,23.625,24.15625
1998-09-07,25,26.15625,24.671875,26.0625
1998-09-14,26.234375,27.125,26.078125,26.34375
1998-09-21,25.625,28.65625,25.59375,28.265625
1998-09-28,28.25,28.59375,25.25,26.03125
1998-10-05,25.625,25.90625,21.9375,24.21875
1998-10-12,24.8125,26.625,23.9375,26.265625
1998-10-19,26.03125,27.53125,24.90625,26.59375
1998-10-26,26.703125,27.046875,26.21875,26.46875
1998-11-02,26.59375,27.4375,26.1875,27.328125
1998-11-09,27.296875,28.6875,27.09375,27.5
1998-11-16,27.828125,28.4375,26.875,28.40625
1998-11-23,28.125,32.03125,28.125,32.015625
1998-11-30,32.34375,32.566405,30.03125,31.84375
1998-12-07,31.921875,33.671875,31.6875,33.5
1998-12-14,33.1875,34.5625,31.921875,34.453125
1998-12-21,34.65625,36,34.34375,35.4375
1998-12-28,35.75,35.90625,34.5,34.671875
1999-01-04,34.902343,38.125,34.84375,37.46875
1999-01-11,37.71875,37.734375,34,37.4375
1999-01-18,37.84375,41.9375,37.71875,39.0625
1999-01-25,40.421875,43.78125,39.78125,43.75
1999-02-01,43.859375,43.984375,38.71875,40
1999-02-08,40.640625,41.6875,39.28125,39.4375
1999-02-15,39.9375,39.96875,35.996093,36.9375
1999-02-22,37.0625,39.84375,36.1875,37.53125
1999-03-01,37.390625,38.84375,36.765625,38.734375
1999-03-08,38.875,41.1875,38.75,40.046875
1999-03-15,40.140625,43.53125,39.46875,42.796875
1999-03-22,43.234375,45.09375,40.78125,44.53125
1999-03-29,45.0625,47.3125,44.25,46.34375
1999-04-05,47.15625,47.8125,45.5,47.125
1999-04-12,45.8125,46.8125,41.9375,43.3125
1999-04-19,43.4375,44.0625,40,43
1999-04-26,43.59375,44.46875,39.9375,40.65625
1999-05-03,40.71875,40.90625,38.21875,39.53125
1999-05-10,39.9375,40.875,38.3125,38.4375
1999-05-17,38.6875,40.125,38.5,38.78125
1999-05-24,38.9375,40.4375,37.75,40.34375
1999-05-31,40.3125,40.375,38.0625,39.78125
1999-06-07,39.96875,41.3125,38.78125,39.0625
1999-06-14,39.375,42.5,38.34375,42.5
1999-06-21,42.4375,44.5,42,42.46875
1999-06-28,42.75,46.0625,42.46875,46
1999-07-05,46.125,46.65625,44.625,46.625
1999-07-12,46.59375,49.9375,46.1875,49.71875
1999-07-19,50,50.375,44.84375,45.125
1999-07-26,44.4375,45.25,42.75,42.90625
1999-08-02,42.84375,43.59375,42.1875,42.5625
1999-08-09,42.8125,42.90625,40.8125,42.34375
1999-08-16,42.53125,43.09375,41.15625,41.6875
1999-08-23,42.15625,48.1875,41.9375,46.625
1999-08-30,46.4375,48.21875,45.0625,47.9375
1999-09-06,47.4375,48.34375,45.898435,47.5
1999-09-13,47.25,48.25,45.3125,48.21875
1999-09-20,48,48.9375,44.4375,45.46875
1999-09-27,46,46.46875,44.28125,44.992185
1999-10-04,45.25,47.59375,44.75,47.46875
1999-10-11,47.3125,47.5,43.65625,44.03125
1999-10-18,43.59375,46.9375,42.53125,46.34375
1999-10-25,46,47.625,44.65625,46.28125
1999-11-01,46.625,47.25,45.15625,45.78125
1999-11-08,42.40625,45.375,42.34375,44.59375
1999-11-15,44.125,44.25,42.1875,43
1999-11-22,44.8125,46.6875,44.1875,45.5625
1999-11-29,45.0625,48.5625,44.75,48.0625
1999-12-06,47.625,48.59375,45.71875,46.9375
1999-12-13,46.804685,58.5625,46.375,57.625
1999-12-20,57.40625,59.625,55.3125,58.71875
1999-12-27,59.21875,59.96875,58.0625,58.375
2000-01-03,58.6875,59.3125,53.65625,55.71875
2000-01-10,56.71875,57.125,50.75,56.125
2000-01-18,55.90625,58.03125,51.625,51.875
2000-01-24,51.90625,52.84375,48.625,49.125
2000-01-31,48.8125,54,47.4375,53.28125
2000-02-07,53.40625,55,49.5625,49.96875
2000-02-14,50.617185,50.875,47.4375,47.53125
2000-02-22,47.5625,48.5625,45.25,45.65625
2000-02-28,45.125,49.4375,44.0625,48.0625
2000-03-06,48,51.25,45.046875,50.5
2000-03-13,48.8125,50.125,46.625,49.6875
2000-03-20,49.375,57.5,48.25,55.84375
2000-03-27,53.88281,54.46875,51.1875,53.125
2000-04-03,47.21875,48.25,42.46875,44.53125
2000-04-10,44.3125,44.3125,36.625,37.0625
2000-04-17,37.125,40.96875,36.5,39.46875
2000-04-24,33.625,35.5625,32.5,34.875
2000-05-01,36.4375,37,34.40625,35.5625
2000-05-08,35.46875,35.6875,32.875,34.40625
2000-05-15,34.5,35.3125,32.25,32.53125
2000-05-22,32.5625,33.28125,30.1875,30.71875
2000-05-30,31.21875,33.375,31,33.15625
2000-06-05,33.00781,36.0625,33,34.40625
2000-06-12,34.5,36.5625,33.0625,36.28125
2000-06-19,36.28125,41.09375,36,38.84375
2000-06-26,38.75,40.0625,38.34375,40
2000-07-03,39.84375,41.4375,39.125,41
2000-07-10,40.34375,40.65625,38.59375,39.46875
2000-07-17,39.125,39.78125,35.9375,36.15625
2000-07-24,36.03125,36.0625,33.625,34.84375
2000-07-31,35.09375,35.5625,34.0625,34.5625
2000-08-07,35.09375,37.4375,34.96875,36.21875
2000-08-14,36.15625,36.6875,35.1875,35.5
2000-08-21,35.34375,36.21875,34.96875,35.3125
2000-08-28,35.09375,36.375,34.84375,35.09375
2000-09-05,35,36.03125,34.59375,34.65625
2000-09-11,34.5625,34.84375,31.65625,32.09375
2000-09-18,32.125,32.875,30.46875,31.625
2000-09-25,31.625,32.9375,29.3125,30.15625
2000-10-02,30.25,30.40625,27.25,27.78125
2000-10-09,27.8125,28.46875,26.0625,26.875
2000-10-16,26.75,33.0625,24.21875,32.59375
2000-10-23,32.3125,34.59375,30.09375,33.84375
2000-10-30,33.75,35.421875,33.6875,34.125
2000-11-06,34.34375,36.1875,33.40625,33.6875
2000-11-13,33.34375,35.75,32.203125,34.53125
2000-11-20,34.0625,35.21875,32.78125,34.96875
2000-11-27,35.71875,36.125,28.03125,28.3125
2000-12-04,28.625,30.25,26.125,27.21875
2000-12-11,27.75,30.25,23.875,24.59375
2000-12-18,24.5,25,20.125,23.21875
2000-12-26,23.4375,24.28125,21.3125,21.6875
2001-01-02,22.0625,25.25,21.4375,24.5625
2001-01-08,24.46875,27.875,23.34375,26.75
2001-01-16,26.6875,30.71875,25.5625,30.5
2001-01-22,30.375,32.15625,29.46875,32
2001-01-29,31.78125,32.375,30.1875,30.40625
2001-02-05,30.375,32.53125,29.25,29.5625
2001-02-12,29.40625,30.53125,28.0625,28.65625
2001-02-20,28.6875,29.125,26.9375,28.375
2001-02-26,28.8125,30.59375,28.125,28.34375
2001-03-05,28.625,30.5625,27.4375,28.34375
2001-03-12,27.34375,28.03906,25.8125,27.28125
2001-03-19,27.25,28.5,24.875,28.28125
2001-03-26,28.5625,29.28125,26.9375,27.34375
2001-04-02,27.40625,28.6875,25.53125,28.09375
2001-04-09,28.285005,31.156,27.83,31.089995
2001-04-16,30.699995,35.550005,30.019995,34.5
2001-04-23,34.055,35.5,33.105005,33.56
2001-04-30,34.265,35.574995,33.800005,35.375
2001-05-07,35.415,36.074995,34.324995,34.699995
2001-05-14,34.565,35.07,33.625,34.045
2001-05-21,34.025,35.949995,33.875,35.455
2001-05-29,35.4,35.875,34.199995,35.17
2001-06-04,35.275,36.875,34.9,36.595
2001-06-11,36.425005,36.425005,33.199995,34.01
2001-06-18,33.975,35.305,33.004995,34.415
2001-06-25,34.550005,38.074995,33.85,36.5
2001-07-02,36.025,36.574995,32.835,33.03
2001-07-09,33.1,36.025,32.1,35.67
2001-07-16,35.725,36.5,33.9,34.589995
2001-07-23,34.620005,34.629995,32.525,32.735
2001-07-30,32.824995,33.769995,32.769995,33.445
2001-08-06,33.265,33.620005,31.449995,32.76
2001-08-13,32.620005,33.045,30.75,30.94
2001-08-20,30.83,31.6,29.5,31.025
2001-08-27,30.949995,31.68,28.15,28.525
2001-09-04,28.595,29.54,27.644995,27.699995
2001-09-10,27.46,28.975,27.35,28.79
2001-09-17,27.01,27.56,23.75,24.855005
2001-09-24,25.324995,26.5,24,25.585
2001-10-01,25.47,29.2005,25.205,28.86
2001-10-08,28.4,29.324995,26.5,28.19
2001-10-15,27.949995,29.65,27.75,28.949995
2001-10-22,28.949995,31.815,28.735,31.1
2001-10-29,31.050005,31.5105,29.050005,30.699995
2001-11-05,30.93,33.03,30.875,32.605005
2001-11-12,32.35,34.17,31.824995,32.875
2001-11-19,33.125,33.9,31.7445,32.36
2001-11-26,32.495005,32.855005,31.365,32.105005
2001-12-03,31.915,34.5,31.9,33.915
2001-12-10,33.76,34.225,32.964995,33.72
2001-12-17,33.585,34.945505,33.313005,33.769995
2001-12-24,33.86,34.535005,33.6,33.935
2001-12-31,33.92,34.955,32.754995,34.449995
2002-01-07,34.875,35.31,34,34.305
2002-01-14,34.15,35.000505,32.71,33.050005
2002-01-22,33.305,33.315,31.620005,31.9
2002-01-28,32.115,32.250505,30.665,31.33
2002-02-04,31.199995,31.345,29.415,30.324995
2002-02-11,30.004995,31.495005,29.795,30.115
2002-02-19,29.955,30.18,28.574995,28.995005
2002-02-25,28.97,30.71,28.945,30.685
2002-03-04,30.620005,32.35,30.4395,31.975
2002-03-11,31.754995,32.5,30.485,31.245005
2002-03-18,31.370005,31.5,29.915,30.225
2002-03-25,30.24,30.46,29.155,30.155
2002-04-01,29.915,30.199995,27.713995,27.935
2002-04-08,27.15,28.7155,27.129995,27.964995
2002-04-15,28,29.14,27.699995,28.6
2002-04-22,28.26,28.35,25.730005,25.75
2002-04-29,25.735,27.035005,24.754995,24.78
2002-05-06,24.72,27.5,24.1765,25.025
2002-05-13,25.225,28.22,24.875,28.015
2002-05-20,27.75,27.775,25.925005,26.629995
2002-05-28,26.795,26.845,25.44,25.455
2002-06-03,25.495005,26.300005,24.585,25.99
2002-06-10,25.824995,27.89,25.730005,27.625
2002-06-17,27.83,28.22,26.14,26.14
2002-06-24,26.045,27.894995,25.525,27.35
2002-07-01,27.06,27.449995,25.225,27.425005
2002-07-08,27.205,27.464995,25.625,25.93
2002-07-15,25.695,26.65,24.339995,24.78
2002-07-22,24.475,24.995005,20.705,22.675005
2002-07-29,23.425005,24.415,21.9,22.205
2002-08-05,22.144995,24.574995,21.905,24.06
2002-08-12,23.805,25.370005,23.46,25
2002-08-19,25.019995,26.725,24.925005,26.11
2002-08-26,26.25,26.324995,24.26,24.54
2002-09-03,24.26,24.300005,22.94,23.910005
2002-09-09,23.625,25.550005,23.315,23.955
2002-09-16,23.800005,24.4535,23.295,23.730005
2002-09-23,23.300005,23.75,22.315,22.625
2002-09-30,22.435,23.407995,21.5585,21.885
2002-10-07,21.905,24.449995,21.625,24.435
2002-10-14,24.125,26.6,23.92,26.574995
2002-10-21,25.985,26.685,25.449995,26.339995
2002-10-28,26.699995,27.035005,25.425005,26.5
2002-11-04,28.375,28.625,27.504995,27.550005
2002-11-11,27.535005,28.5,26.910005,28.345
2002-11-18,28.475,29.15,27.155,29.11
2002-11-25,29.03,29.32,28.39,28.839995
2002-12-02,29.324995,29.480005,27.11,27.735
2002-12-09,27.5,27.61,26.245005,26.25
2002-12-16,26.5,27.495005,26.335,26.519995
2002-12-23,26.525,27.345,26.449995,26.485
2002-12-30,26.504995,26.9,25.629995,26.894995
2003-01-06,27.01,28.15,26.9,27.96
2003-01-13,28.262495,28.660005,25.655,25.730005
2003-01-21,25.935,26.269995,24.8505,24.925005
2003-01-27,24.660005,25.300005,23.515,23.730005
2003-02-03,23.964995,24.550005,23.205,23.29
2003-02-10,23.4,24.25,23,24.15
2003-02-18,24.62,24.99001,23.7,24.61
2003-02-24,24.44,24.5,23.3,23.7
2003-03-03,24.02,24.12,22.89999,23.56
2003-03-10,23.31,24.961,22.55,24.86
2003-03-17,24.52,26.89999,24.33,26.57001
2003-03-24,25.55,25.935,24.599,24.67
2003-03-31,24.25,26.09,24.00999,25.09
2003-04-07,26.23,26.42999,23.95,24.2
2003-04-14,24.27,25.74001,24,25.5
2003-04-21,25.61,25.99001,25.03,25.21001
2003-04-28,25.39,26.28999,25.25,26.13
2003-05-05,26.25,26.50101,25.71001,26.35001
2003-05-12,26.14999,26.47,25.41,25.57001
2003-05-19,25.39999,25.53999,23.89,24.22
2003-05-27,24.25,24.91,24.21899,24.61
2003-06-02,24.98,25.22,23.64999,23.67
2003-06-09,23.72,25.25,23.5999,24.64999
2003-06-16,24.8,26.42999,24.66901,26.33
2003-06-23,26.14,26.50999,25.13901,25.63
2003-06-30,25.94,26.95,25.39,26.5
2003-07-07,27.02,27.8,26.59,27.30901
2003-07-14,27.63,27.81,26.53999,26.89
2003-07-21,26.87,26.95,25.98,26.89
2003-07-28,26.94,27,26.12,26.17
2003-08-04,26.14999,26.53999,25.42999,25.58
2003-08-11,25.61,25.99001,25.42999,25.53999
2003-08-18,25.56,26.95,25.46001,26.22
2003-08-25,26.31,26.67,25.96001,26.52
2003-09-02,26.72,28.75,26.47,28.38
2003-09-08,28.39,28.92,26.7,28.34
2003-09-15,28.37,29.97,28.32001,29.96001
2003-09-22,29.39,30,28.14,28.19
2003-09-29,28.41,29.46001,27.75,29.08
2003-10-06,29.14999,29.37199,28.67,28.91
2003-10-13,28.98,29.31,28.48,28.92999
2003-10-20,28.95,29.42999,26.42,26.61
2003-10-27,26.91,27.25,25.91,26.14
2003-11-03,26.35001,26.75,26,26.10001
2003-11-10,26.12,26.23,25.44,25.5
2003-11-17,25.39,25.84,24.84,25.11
2003-11-24,25.33,25.95,25.28,25.71001
2003-12-01,25.85001,26.48,25.5,25.98
2003-12-08,26.12,26.81,25.81,26.64999
2003-12-15,27.05,27.55,26.67999,27.36
2003-12-22,27.16,27.42999,26.97,27.21001
2003-12-29,27.21001,27.77,27.16,27.45
2004-01-05,27.73,28.48,27.59,27.66
2004-01-12,27.67,27.88,27.25999,27.81
2004-01-20,27.99001,28.75999,27.85001,28.48
2004-01-26,28.49001,28.83,27.47,27.64999
2004-02-02,27.63,27.8,26.83,27.08
2004-02-09,27.17999,27.23,26.5,26.59
2004-02-17,26.7,27.11,26.42999,26.57001
2004-02-23,26.75,26.99001,26.35001,26.53
2004-03-01,26.64999,26.72,26.2,26.35001
2004-03-08,26.31,26.35001,25.07001,25.38
2004-03-15,25.33,25.46001,24.56,24.63
2004-03-22,24.53,25.50999,24.00999,25.03
2004-03-29,25.24001,25.89999,24.85001,25.85001
2004-04-05,25.8,25.98,25.35001,25.48
2004-04-12,25.48,25.77,25.10001,25.16
2004-04-19,25.08,27.72,25.06,27.53999
2004-04-26,27.45,27.55,25.96001,26.13
2004-05-03,26.22,26.60001,25.75,25.78
2004-05-10,25.64,26.19,25.42999,25.86
2004-05-17,25.48,26.27,25.42,25.89
2004-05-24,26.05,26.35001,25.60001,26.23
2004-06-01,26.11,26.28,25.86,25.95
2004-06-07,26.08,26.78999,25.97,26.77
2004-06-14,26.57001,28.5,26.53,28.35001
2004-06-21,28.33,28.66,27.81,28.57001
2004-06-28,28.60001,28.84,28.17,28.57001
2004-07-06,28.32001,28.33,27.55,27.86
2004-07-12,27.71001,28.36,27.25,27.48
2004-07-19,27.64,29.89,27.60001,28.03
2004-07-26,28.37,28.81,28.13,28.49001
2004-08-02,28.27,28.55,27.06,27.14
2004-08-09,27.23,27.75,25.95,27.02
2004-08-16,27.09,27.5,26.89,27.2
2004-08-23,27.28,27.67,27.09,27.46001
2004-08-30,27.3,27.67999,26.85001,27.11
2004-09-07,27.3,27.50999,27.14,27.49001
2004-09-13,27.53,27.57001,26.74001,27.50999
2004-09-20,27.44,27.74001,27.07001,27.28999
2004-09-27,27.17,28.32001,27.03999,28.25
2004-10-04,28.42,28.59,27.97,27.99001
2004-10-11,28.2,28.27,27.799,27.99001
2004-10-18,28.07001,28.89,27.58,27.74001
2004-10-25,27.67999,28.53999,27.42,27.97
2004-11-01,28.14999,29.36,27.96001,29.31
2004-11-08,29.17999,30.2,29.13,29.97
2004-11-15,27.36,27.5,26.84,26.86
2004-11-22,26.75,26.82001,24.86,26.60001
2004-11-29,26.64999,27.44,26.61,27.23
2004-12-06,27.10001,27.44,26.91,27.08
2004-12-13,27.10001,27.39999,26.7951,26.96001
2004-12-20,27.00999,27.17,26.78,27.00999
2004-12-27,27.00999,27.10001,26.679,26.72
2005-01-03,26.82001,27.10001,26.62,26.67
2005-01-10,26.60001,26.86,26.03999,26.12
2005-01-18,26.03,26.35001,25.64,25.64999
2005-01-24,25.75999,26.64999,25.64,26.17999
2005-01-31,26.36,26.52,26.10001,26.32001
2005-02-07,26.25999,26.34,25.81,25.97
2005-02-14,25.92,26.12,25.39999,25.48
2005-02-22,25.25,25.49001,25.14999,25.25
2005-02-28,25.23,25.48,25.12959,25.17
2005-03-07,25.17999,25.78999,25.06,25.09
2005-03-14,25.07001,25.24001,24.28,24.31
2005-03-21,24.34,24.47,23.9599,24.28
2005-03-28,24.34,24.47,23.82001,24.12
2005-04-04,24.11,25.25,23.94,24.94
2005-04-11,25.03,25.45,24.41,24.46001
2005-04-18,24.45,25.39,24.3,24.98
2005-04-25,25.07001,25.3,24.44,25.3
2005-05-02,25.23,25.48,24.95,25.22
2005-05-09,25.22,25.38,24.64,25.3
2005-05-16,25.22,26.05,24.31,25.74001
2005-05-23,25.74001,26.09,25.5,26.07001
2005-05-31,25.99001,26.03,25.34,25.42999
2005-06-06,25.38,25.83,25.31,25.42999
2005-06-13,25.36,25.49001,24.92,25.03999
2005-06-20,24.97,25.62,24.92999,25.03999
2005-06-27,25.06,25.32001,24.67,24.71001
2005-07-05,24.66,25.19,24.5,25.09
2005-07-11,25.14999,26.10001,25.11,25.78999
2005-07-18,25.71001,26.48,25.55,25.67999
2005-07-25,25.67999,26,25.53,25.61
2005-08-01,25.81,27.94,25.75999,27.75999
2005-08-08,27.8,27.84,26.85001,27.05
2005-08-15,26.97,27.3008,26.66,26.72
2005-08-22,26.8,27.17,26.74001,26.97
2005-08-29,26.81,27.44,26.81,27.02
2005-09-06,27.06,27.28999,26.52,26.58
2005-09-12,26.62,26.75999,25.97,26.07001
2005-09-19,26.10001,26.27,25.12,25.27
2005-09-26,25.38,26,25.21001,25.73
2005-10-03,25.72,25.7326,24.52,24.59
2005-10-10,24.66,25.59,24.25,24.67
2005-10-17,24.67,25.13,24.4399,24.78
2005-10-24,24.89,25.6001,24.67999,25.53
2005-10-31,25.59,26.71001,25.5,26.66
2005-11-07,26.7,27.39011,26.63989,27.28
2005-11-14,27.36,28.25,27.2,28.07001
2005-11-21,28.06,28.2402,27.465,27.75999
2005-11-28,27.78,28.101,27.53,28.00999
2005-12-05,27.92,28.02,27.55,27.71001
2005-12-12,27.69,27.75,26.81,26.89999
2005-12-19,26.7,26.91,26.41901,26.64
2005-12-27,26.7,26.85001,26.10001,26.14999
2006-01-03,26.25,27.13,26.10001,26.91
2006-01-09,26.94,27.39,26.59,27.19
2006-01-17,26.89999,27.24001,26.25999,26.41
2006-01-23,26.42,27.9501,26.22,27.78999
2006-01-30,27.81,28.38,27.34,27.53999
2006-02-06,27.49001,27.53999,26.50999,26.69
2006-02-13,26.62,26.92999,26.34,26.7
2006-02-21,26.7,26.89011,26.34,26.63
2006-02-27,26.78,27.3,26.67,26.92999
2006-03-06,26.92,27.5,26.81,27.17
2006-03-13,27.17999,27.66,26.94,27.5
2006-03-20,27.69501,28.22,26.62,27.00999
2006-03-27,27.02499,27.541,26.81,27.21001
2006-04-03,27.67,27.94099,27.23,27.25
2006-04-10,27.235,27.44,26.97,27.07001
2006-04-17,27.03,27.5,26.7,27.14999
2006-04-24,27.075,27.63,24,24.14999
2006-05-01,24.325,25,23.14,23.8
2006-05-08,23.86,25,23.05,23.17
2006-05-15,23.10001,24,22.52,22.56
2006-05-22,22.48,23.9201,22.45,23.72
2006-05-30,23.55499,23.75999,22.62,22.75999
2006-06-05,22.72,22.73,21.89,21.92
2006-06-12,21.96001,22.28,21.4599,22.10001
2006-06-19,22.145,23.17,22.12,22.5
2006-06-26,22.64999,23.64999,22.63,23.3
2006-07-03,23.535,23.72,23.3,23.3
2006-07-10,23.42999,23.66,22.23,22.28999
2006-07-17,22.28999,24.14999,22.25999,23.87
2006-07-24,24.00999,24.60001,23.77,24.25
2006-07-31,24.07001,24.4901,23.85001,24.28999
2006-08-07,24.28,24.64,24.19,24.42999
2006-08-14,24.52,25.8,24.35001,25.78999
2006-08-21,25.66499,26.25011,25.5,25.85001
2006-08-28,25.84,26,25.63,25.84
2006-09-05,25.67,25.96001,25.39,25.60001
2006-09-11,25.42999,26.94,25.42,26.85001
2006-09-18,26.74001,27.25,26.48,26.66
2006-09-25,26.81,27.52,26.78999,27.35001
2006-10-02,27.32001,28.11,27.14999,27.87
2006-10-09,27.8,28.69,27.42,28.37
2006-10-16,28.48,28.7001,28.12,28.42999
2006-10-23,28.33,28.78999,28.03999,28.34
2006-10-30,28.355,28.99001,28.32001,28.73
2006-11-06,28.765,29.39999,28.66,29.24001
2006-11-13,29.2,29.64,29.07001,29.39999
2006-11-20,29.52,30.00011,29.5,29.75999
2006-11-27,29.67999,29.78,28.8999,29.12
2006-12-04,29.22501,29.52,28.8,29.39999
2006-12-11,29.185,30.23,29.11,30.19
2006-12-18,30.19,30.25999,29.53,29.64
2006-12-26,29.53,30.14999,29.39999,29.86
2007-01-03,29.91499,30.25,29.39999,29.64
2007-01-08,29.64999,31.39,29.42999,31.21001
2007-01-16,31.25999,31.45,30.69,31.11
2007-01-22,31.065,31.48,30.45,30.60001
2007-01-29,30.675,31.10001,30.13,30.19
2007-02-05,29.98,30.02,28.92999,28.98
2007-02-12,28.89,29.69,28.6499,28.74001
2007-02-20,28.64,29.53999,28.47,28.89999
2007-02-26,28.96001,29.12,27.73,27.75999
2007-03-05,27.49001,27.94,26.60001,27.28
2007-03-12,27.17999,27.48,26.71001,27.33
2007-03-19,27.34,28.55,27.2,28.02
2007-03-26,27.94,28.22,27.39999,27.87
2007-04-02,27.89,28.78,27.56,28.55
2007-04-09,28.575,28.72,27.99001,28.61
2007-04-16,28.60001,29.10001,28.21001,29.02
2007-04-23,28.96001,30.74001,28.59,30.12
2007-04-30,30.13,31,29.89999,30.56
2007-05-07,30.52,30.98,30.48,30.89
2007-05-14,30.84,31.14,30.58,30.83
2007-05-21,30.73,31.16,29.96001,30.48
2007-05-29,30.49001,31.16,30.39,30.59
2007-06-04,30.42,30.75999,29.41,30.05
2007-06-11,29.94,30.88,29.77,30.49001
2007-06-18,30.69,30.72,29.45,29.49001
2007-06-25,29.47,29.97,29.03999,29.47
2007-07-02,29.67,30.22,29.49001,29.97
2007-07-09,29.86,30.11,29.17999,29.82001
2007-07-16,29.75999,31.84,29.72,31.16
2007-07-23,31.36,31.52,29.36,29.39011
2007-07-30,29.405,29.78999,28.82001,28.9601
2007-08-06,29.05,30.10001,28.25999,28.71001
2007-08-13,28.94,28.99001,27.50999,28.25
2007-08-20,28.17999,28.84,27.87,28.81
2007-08-27,28.61,28.92999,27.82001,28.73
2007-09-04,28.5,29.10001,28.32001,28.44
2007-09-10,28.67,29.25999,28.41,29.03999
2007-09-17,28.78999,28.965,28.27,28.6499
2007-09-24,28.81,29.85001,28.8,29.46001
2007-10-01,29.46001,29.99001,29.28999,29.84
2007-10-08,29.66,30.63,29.60001,30.17
2007-10-15,30.10001,31.23,30,30.17
2007-10-22,30.12,36.03,30.12,35.03
2007-10-29,34.85001,37.5,34.35001,37.06
2007-11-05,36.75999,37.10001,33.64999,33.73
2007-11-12,33.32001,34.75,33.02,34.09
2007-11-19,33.96001,34.97,33.71001,34.11
2007-11-26,34.09,34.37,32.67999,33.60001
2007-12-03,33.5,34.7,32.63,34.53
2007-12-10,34.64,35.84,33.92999,35.31
2007-12-17,35.03,36.0625,34.21001,36.06
2007-12-24,36.13,36.72,35.67,36.12
2007-12-31,35.89999,35.99001,34.09,34.38
2008-01-07,34.55,34.8,33.35001,33.91
2008-01-14,34.46001,34.57001,32.50999,33.00999
2008-01-22,31.53999,35,31.03999,32.94
2008-01-28,33.02,33.25,30.25,30.4498
2008-02-04,30.49001,30.72,27.89999,28.56
2008-02-11,28.52,29.05,27.91,28.42
2008-02-19,28.8,28.96001,27.2,27.67999
2008-02-25,27.64999,28.86,27.02,27.19991
2008-03-03,27.24001,28.41,26.87,27.87
2008-03-10,27.83,29.49001,27.64,27.96001
2008-03-17,27.3,29.59,27.28,29.17999
2008-03-24,29.33,29.39999,27.83,27.91
2008-03-31,27.88,29.58,27.84,29.16
2008-04-07,29.55,29.59,28.21001,28.28
2008-04-14,28.24001,30.10001,27.92999,30
2008-04-21,30.19,32.10001,29.60001,29.83
2008-04-28,29.8,29.83501,28.45,29.24001
2008-05-05,29.92999,30.23,28.92999,29.39
2008-05-12,29.39999,30.53,29.35001,29.99001
2008-05-19,29.87,29.89,27.95,28.05
2008-05-27,28.11,28.7,28.03999,28.32001
2008-06-02,28.24001,28.36,27.2,27.49001
2008-06-09,27.64999,29.57001,27.11,29.07001
2008-06-16,29.02,29.19,28.10001,28.23
2008-06-23,28.3,28.67,27.46001,27.63
2008-06-30,27.73,27.98,25.60001,25.98
2008-07-07,26.11,26.39,24.87,25.25
2008-07-14,25.48,27.91,24.92999,25.86
2008-07-21,25.66,26.84,25.44,26.16
2008-07-28,26.06,26.49001,25.07001,25.44
2008-08-04,25.39,28.23,25.11,28.13
2008-08-11,27.86,28.5,27.56,27.81
2008-08-18,27.78,28.05,26.86,27.84
2008-08-25,27.61,28.00999,27.13,27.28999
2008-09-02,27.66499,27.75999,25.63,25.64999
2008-09-08,26.21001,27.74001,25.67,27.62
2008-09-15,26.92,27.49001,23.5,25.16
2008-09-22,26.22,27.56,25.32001,27.39999
2008-09-29,26.94,27.66,25.0089,26.32001
2008-10-06,25.63,25.99001,20.64999,21.5
2008-10-13,22.86,25.73,21.31,23.92999
2008-10-20,24.2,25.00999,20.89,21.96001
2008-10-27,21.67,23.97,21.02,22.33
2008-11-03,22.48,23.66,20.86,21.5
2008-11-10,21.845,21.97,18.74001,20.06
2008-11-17,19.74001,20.24001,17.5,19.67999
2008-11-24,19.89,20.94,19.55,20.22
2008-12-01,19.875,19.98,18.47,19.87
2008-12-08,20.35001,21.25,18.7,19.36
2008-12-15,19.34,20.17999,18.89,19.12
2008-12-22,19.24001,19.57001,18.89,19.13
2008-12-29,19.14999,20.39999,18.64,20.33
2009-01-05,20.2,21,19.41,19.52
2009-01-12,19.71001,19.99001,18.52,19.71001
2009-01-20,19.46001,19.62,16.75,17.2
2009-01-26,17.28999,18.31,17.10001,17.10001
2009-02-02,17.03,19.92999,17,19.66
2009-02-09,19.64,19.8,18.53999,19.09
2009-02-17,18.49001,18.5,17.66,18
2009-02-23,18.02,18.14999,16.10001,16.14999
2009-03-02,15.96,16.39999,14.87,15.28
2009-03-09,15.2,17.2,15.1,16.64999
2009-03-16,16.82001,17.64999,16.24001,17.06
2009-03-23,17.37,18.88,17.31,18.13
2009-03-30,17.74001,19.89,17.27,18.75
2009-04-06,18.53999,19.7,18.265,19.67
2009-04-13,19.69,19.85001,18.50999,19.2
2009-04-20,18.89,21.2,18.47,20.91
2009-04-27,20.55,21.10001,19.78999,20.24001
2009-05-04,20.37,20.39999,19.14,19.42
2009-05-11,19.2,20.5,19.00999,20.22
2009-05-18,20.36,20.74001,19.47,19.75
2009-05-26,19.53999,20.94,19.45,20.89
2009-06-01,21,22.31,20.86,22.14
2009-06-08,21.98,23.38,21.63,23.33
2009-06-15,23.23,24.34,23.02,24.07001
2009-06-22,23.95,23.95,23.2,23.35001
2009-06-29,23.60001,24.3,23.21001,23.37
2009-07-06,23.21001,23.28,22,22.39
2009-07-13,22.42,24.45,22.14,24.28999
2009-07-20,24.44,25.72,22.81,23.45
2009-07-27,23.44,24.42999,22.89999,23.52
2009-08-03,23.82001,24.25,23.27,23.56
2009-08-10,23.46001,23.89999,23.03,23.692
2009-08-17,23.32001,24.42,23.23,24.41
2009-08-24,24.41,25.49001,24.28,24.67999
2009-08-31,24.57001,24.85001,23.75999,24.62
2009-09-08,24.62,25.17,24.41,24.86
2009-09-14,24.64999,25.48,24.64,25.25999
2009-09-21,25.11,26.25,25.10001,25.55
2009-09-28,25.60001,26.16,24.42999,24.96001
2009-10-05,24.98,25.89999,24.52,25.55
2009-10-12,25.66,26.71001,25.52,26.5
2009-10-19,26.49001,29.35001,25.94,28.02
2009-10-26,28.125,29.02,27.66,27.73
2009-11-02,27.7,28.74001,27.41,28.52
2009-11-09,28.62,29.78999,28.53,29.63
2009-11-16,29.61,30.14,29.37,29.62
2009-11-23,29.84,30.00999,28.75,29.22
2009-11-30,29.14999,30.37,29,29.98
2009-12-07,29.78,30.08,29.25,29.85001
2009-12-14,29.91,30.45,29.57001,30.36
2009-12-21,30.39999,31,30.37,31
2009-12-28,31,31.5,30.48,30.48
2010-01-04,30.62,31.10001,30.19,30.66
2010-01-11,30.71001,31.24001,29.91,30.86
2010-01-19,30.75,31.24001,28.84,28.96001
2010-01-25,29.24001,29.92,27.66,28.17999
2010-02-01,28.39,28.78999,27.57001,28.02
2010-02-08,28.00999,28.39999,27.57001,27.92999
2010-02-16,28.13,29.03,28.02,28.77
2010-02-22,28.84,28.94,28.02,28.67
2010-03-01,28.77,29.3,28.24001,28.58749
2010-03-08,28.52,29.38,28.5,29.27
2010-03-15,29.17999,29.89999,29.00999,29.59
2010-03-22,29.5,30.57001,29.39,29.66
2010-03-29,29.71001,29.86,28.62,29.16
2010-04-05,29.13,30.41,28.98,30.34
2010-04-12,30.25,31,30.13,30.67
2010-04-19,30.77,31.58,30.64999,30.96001
2010-04-26,31,31.4333,30.52,30.535
2010-05-03,30.67,31.06059,27.32001,28.21001
2010-05-10,29.00999,29.73,28.57001,28.92999
2010-05-17,29.12,29.23,26.44,26.84
2010-05-24,26.85001,26.86,24.56,25.8
2010-06-01,25.53,26.92999,25.52,25.78999
2010-06-07,25.82001,25.83,24.64999,25.66
2010-06-14,25.86,26.67,25.47,26.44
2010-06-21,26.78,26.89,24.31,24.5325
2010-06-28,24.50999,24.61,22.73,23.27
2010-07-06,23.7,24.62,23.584,24.27
2010-07-12,24.42999,25.64,24.42,24.89
2010-07-19,24.96001,26.02,24.7,25.81
2010-07-26,25.86,26.41,25.35001,25.81
2010-08-02,25.99001,26.38,25.02,25.55
2010-08-09,25.55,25.73,24.24001,24.39999
2010-08-16,24.36,24.96001,24.2,24.23
2010-08-23,24.44,24.6403,23.50999,23.92999
2010-08-30,23.74001,24.45,23.32001,24.28999
2010-09-07,24.10001,24.3,23.74001,23.85001
2010-09-13,24.2,25.53,24.09,25.22
2010-09-20,25.28,25.52,24.36,24.77499
2010-09-27,24.85001,24.99001,24.3,24.38
2010-10-04,23.96001,24.75,23.78,24.57001
2010-10-11,24.74001,25.55,24.42999,25.53999
2010-10-18,25.59,25.95,24.95,25.3775
2010-10-25,25.24001,27.2,25.06,26.66499
2010-11-01,26.88,27.49001,26.53,26.85001
2010-11-08,26.67999,27.11,26.10001,26.27
2010-11-15,26.33,26.5,25.55,25.69
2010-11-22,25.64999,25.74001,25.09,25.34
2010-11-29,25.19,27.06,24.92999,27.02
2010-12-06,26.92999,27.39999,26.75999,27.34
2010-12-13,27.27,28.09,27.1725,27.9025
2010-12-20,27.95,28.39999,27.67999,28.3
2010-12-27,28.12,28.2,27.63,27.91
2011-01-03,28.05,28.85001,27.77,28.60001
2011-01-10,28.25999,28.59,27.91,28.3
2011-01-18,28.16,28.74001,28.02,28.02
2011-01-24,28.02,29.46001,27.45,27.75101
2011-01-31,27.77,28.11,27.42,27.77
2011-02-07,27.8,28.34,27.07001,27.25
2011-02-14,27.205,27.37,26.60001,27.06
2011-02-22,26.78,27.10001,26.42999,26.55
2011-02-28,26.69,26.86,25.8,25.9525
2011-03-07,26.13,26.27,25.35001,25.67999
2011-03-14,25.49001,25.75999,24.67999,24.8
2011-03-21,25.17999,25.95,25.14999,25.62
2011-03-28,25.66,25.72,25.3,25.48
2011-04-04,25.45,26.31,25.41,26.07001
2011-04-11,26.19,26.25,25.09,25.37
2011-04-18,25.10001,26,24.72,25.52
2011-04-25,25.56,26.87,25.34,25.92
2011-05-02,25.94,26.25,25.48,25.87
2011-05-09,25.8,25.96001,24.95,25.03
2011-05-16,24.96001,25.07001,24.25,24.49001
2011-05-23,24.21001,25.03,24.03,24.75999
2011-05-31,24.96001,25.10001,23.84,23.905
2011-06-06,23.89,24.25,23.69,23.705
2011-06-13,23.78999,24.45,23.64999,24.25999
2011-06-20,24.17,24.86,24.16,24.3
2011-06-27,24.23,26.17,24.23,26.02
2011-07-05,26.10001,26.98,25.89999,26.92
2011-07-11,26.62,27.00999,26.34,26.78
2011-07-18,26.63,27.64,26.25999,27.53
2011-07-25,27.25999,28.145,27.19,27.39999
2011-08-01,27.50999,27.685,25.23,25.67999
2011-08-08,25.02,25.62,24.03,25.10001
2011-08-15,25.24001,25.7,23.91,24.05
2011-08-22,24.42,25.34,23.78999,25.25
2011-08-29,25.53,26.86,25.37,25.8
2011-09-06,25.2,26.66,25.11,25.74001
2011-09-12,25.44,27.27,25.27,27.12
2011-09-19,26.8,27.5,24.60001,25.06
2011-09-26,25.19,26.37,24.73,24.89
2011-10-03,24.72,26.50999,24.25999,26.25
2011-10-10,26.58,27.5,26.47,27.27
2011-10-17,27.11391,27.47,26.39999,27.16
2011-10-24,27.06,27.39999,26.10001,26.98
2011-10-31,26.755,27,25.7,26.25
2011-11-07,26.21001,27.2,26.06,26.91
2011-11-14,26.8799,27,25.14999,25.3
2011-11-21,25.24001,25.25,24.3,24.3
2011-11-28,24.94,25.63,24.69,25.22
2011-12-05,25.78,25.87,25.33501,25.7
2011-12-12,25.41,26.17,25.28999,26
2011-12-19,26.02,26.19,25.44,26.03
2011-12-27,25.96001,26.14999,25.75999,25.96001
2012-01-03,26.55,28.19,26.39,28.105
2012-01-09,28.05,28.25,27.37,28.25
2012-01-17,28.39999,29.74001,27.97,29.71001
2012-01-23,29.55,29.95,29.07001,29.23
2012-01-30,28.97,30.39999,28.83,30.24001
2012-02-06,30.03999,30.8,29.97,30.495
2012-02-13,30.63,31.55,29.85001,31.25
2012-02-21,31.17999,31.67999,31,31.48
2012-02-27,31.24001,32.44,31.10001,32.075
2012-03-05,32.00999,32.21001,31.49001,31.99001
2012-03-12,31.97,32.95,31.82001,32.60001
2012-03-19,32.535,32.61,31.72,32.00999
2012-03-26,32.19,32.7,31.81,32.255
2012-04-02,32.22,32.46001,31.05,31.52
2012-04-09,31.22,31.39999,30.23,30.81
2012-04-16,30.99001,32.89,30.77,32.42
2012-04-23,32.31,32.52,31.83,31.98
2012-04-30,31.98,32.33501,30.92,30.98
2012-05-07,30.7,31.53999,30.10001,31.16
2012-05-14,30.82001,31.03999,29.17,29.27
2012-05-21,29.10001,29.88,28.64,29.06
2012-05-29,29.38,29.72,28.44,28.45
2012-06-04,28.62,29.7,28.32001,29.64999
2012-06-11,29.73,30.08,28.82001,30.02
2012-06-18,29.99001,31.14,29.71001,30.7
2012-06-25,30.30009,30.69,29.42,30.59
2012-07-02,30.62,30.78,29.95,30.185
2012-07-09,30.12,30.23,28.53999,29.39
2012-07-16,29.48,31.05,29.03999,30.11501
2012-07-23,29.57001,29.85001,28.78,29.755
2012-07-30,29.75,29.94,28.97,29.75
2012-08-06,30,30.64999,29.81,30.42
2012-08-13,30.35001,30.94,30.00999,30.89999
2012-08-20,30.82001,30.96001,30.08,30.56
2012-08-27,30.92999,30.96001,30.22,30.82001
2012-09-04,30.45,31.36,30.14999,30.95
2012-09-10,30.83,31.25,30.39999,31.21001
2012-09-17,31.19,31.61,30.91,31.19
2012-09-24,31,31.07001,29.74001,29.75999
2012-10-01,29.81,30.25,29.42,29.85001
2012-10-08,29.64,29.92,28.8,29.2
2012-10-15,29.37,29.74001,28.5,28.64
2012-10-22,28.73,28.83,27.75999,28.21001
2012-10-29,28.55,29.77,28.5,29.4998
2012-11-05,29.62,30.2,28.8,28.83
2012-11-12,28.94,29.00999,26.34489,26.5209
2012-11-19,26.8,27.77,26.46001,27.7
2012-11-26,27.53999,27.58,26.49001,26.61501
2012-12-03,26.78,26.98,26.25999,26.455
2012-12-10,26.56,27.62,26.52,26.81
2012-12-17,26.78999,27.73,26.67999,27.45
2012-12-24,27.2,27.25,26.55,26.55
2012-12-31,26.59,27.73,26.37,26.74001
2013-01-07,26.77,26.98,26.28,26.83
2013-01-14,26.89999,27.47,26.75999,27.25
2013-01-22,27.3,28.23,27,27.88
2013-01-28,28.00999,28.22501,27.39999,27.92999
2013-02-04,27.87,28.02,27.10001,27.55
2013-02-11,27.64999,28.16,27.5,28.00999
2013-02-19,27.8801,28.2,27.23,27.75999
2013-02-25,27.97,28.05,27.33,27.95
2013-03-04,27.85001,28.53999,27.7,28
2013-03-11,27.94,28.16,27.64,28.035
2013-03-18,27.88,28.49001,27.81,28.25
2013-03-25,28.3,28.66,27.96001,28.605
2013-04-01,28.64,28.95,28.11,28.7
2013-04-08,28.73,30.32001,28.47,28.78999
2013-04-15,28.64999,30.24001,28.5,29.765
2013-04-22,30.3,32.84,30.27,31.78999
2013-04-29,31.8,33.52,31.77,33.49001
2013-05-06,33.42,33.91,32.32001,32.69
2013-05-13,32.61,34.87,32.55,34.87
2013-05-20,34.73,35.27251,33.89999,34.269
2013-05-28,34.42,35.28,34.41,34.89999
2013-06-03,34.92,35.78,34.42999,35.67
2013-06-10,35.50999,35.64999,34.25,34.39999
2013-06-17,34.69,35.17,33.05,33.265
2013-06-24,32.94,34.78999,32.57001,34.545
2013-07-01,34.75,34.99001,33.58099,34.21001
2013-07-08,34.35001,35.77,33.98,35.67
2013-07-15,35.66,36.4299,31.02,31.39999
2013-07-22,31.7,32.19,31.205,31.62
2013-07-29,31.47,32.12,31.39999,31.89
2013-08-05,31.89999,33.07001,31.25,32.7
2013-08-12,32.46001,33.36,30.84,31.8
2013-08-19,31.75999,35.2,31.37,34.75
2013-08-26,34.39999,34.67,32.8,33.39999
2013-09-03,31.75,32.07001,30.95,31.15199
2013-09-09,31.22079,33.07001,31.2,33.03
2013-09-16,33.38,33.67999,32.685,32.791
2013-09-23,32.5401,33.75,32.14999,33.27
2013-09-30,33,34.03,32.7,33.88
2013-10-07,33.60001,34.14,32.8,34.13
2013-10-14,33.89999,34.99001,33.78,34.96001
2013-10-21,34.98,36.28999,33.57001,35.73
2013-10-28,35.61,35.79,35.26,35.525
2013-11-04,35.59,38.22,35.55,37.78
2013-11-11,37.69,38.16,36.9,37.841
2013-11-18,37.35,37.68,36.67,37.57
2013-11-25,37.93,38.29,37.35,38.13
2013-12-02,38.09,38.98,37.18,38.36
2013-12-09,38.56,38.9,36.62,36.69
2013-12-16,36.73,37.11,35.53,36.8
2013-12-23,36.81,37.62,36.55,37.29
2013-12-30,37.22,37.58,36.6,36.91
2014-01-06,36.85,36.89,35.4,36.04
2014-01-13,35.99,37,34.63,36.38
2014-01-21,36.82,37.55,35.52,36.805
2014-01-27,36.87,37.89,35.75,37.84
2014-02-03,37.74,37.985,35.69,36.56
2014-02-10,36.63,37.86,36.29,37.62
2014-02-18,37.63,38.35,37.21,37.98
2014-02-24,37.69,38.46,37.19,38.31
2014-03-03,37.92,38.48,37.495,37.9
2014-03-10,37.99,38.45,37.5058,37.7
2014-03-17,37.9,40.94,37.79,40.16
2014-03-24,40.34,40.99,39.34,40.3
2014-03-31,40.43,41.66,39.64,39.87
2014-04-07,39.96,40.69,39,39.209
2014-04-14,39.11,40.415,38.9,40.01
2014-04-21,40.13,40.68,39.3,39.91
2014-04-28,40.14,41.29,39.66,39.69
2014-05-05,39.52,39.9,38.51,39.54
2014-05-12,39.74,40.5,39.27,39.83
2014-05-19,39.61,40.37,39.46,40.12
2014-05-27,40.26,40.97,39.81,40.94
2014-06-02,40.95,41.66,39.86,41.48
2014-06-09,41.39,41.565,40.29,41.23
2014-06-16,41.04,41.91,40.335,41.68
2014-06-23,41.73,42.29,41.43,42.25
2014-06-30,42.17,42.21,41.53,41.8
2014-07-07,41.75,42.12,41.05,42.09
2014-07-14,42.22,45.71,42.03,44.69
2014-07-21,44.56,45.45,44.22,44.5
2014-07-28,44.36,44.51,42.6,42.86
2014-08-04,42.97,43.47,42.21,43.2
2014-08-11,43.26,44.895,43,44.79
2014-08-18,44.94,45.47,44.68,45.15
2014-08-25,45.4,45.44,44.61,45.43
2014-09-02,45.43,45.93,44.53,45.91
2014-09-08,46.02,47.02,45.99,46.695
2014-09-15,46.54,47.57,46.1,47.52
2014-09-22,47.3,47.38,45.76,46.41
2014-09-29,45.98,46.56,45.61,46.09
2014-10-06,46.12,46.89,43.95,44.03
2014-10-13,43.82,44.56,42.1,43.63
2014-10-20,43.06,46.9,42.81,46.13
2014-10-27,45.71,46.97,45.71,46.95
2014-11-03,46.89,48.92,46.73,48.68
2014-11-10,48.65,50.045,48.52,49.58
2014-11-17,49.41,49.705,47.57,47.98
2014-11-24,47.99,48.195,47.28,47.81
2014-12-01,47.88,49.06,47.71,48.42
2014-12-08,48.26,48.35,46.67,46.95
2014-12-15,47.2,48.1,44.9,47.66
2014-12-22,47.78,48.8,47.71,47.88
2014-12-29,47.7,47.78,46.45,46.76
2015-01-05,46.37,47.82,45.49,47.19
2015-01-12,47.42,47.91,45.17,46.24
2015-01-20,46.3,47.39,45.48,47.18
2015-01-26,47,47.1339,40.35,40.4
2015-02-02,40.59,42.79,40.23,42.41
2015-02-09,42.24,43.87,42.18,43.87
2015-02-17,43.97,44,43.05,43.855
2015-02-23,43.7,44.3,43.65,43.85
2015-03-02,43.67,44.19,42.15,42.36
2015-03-09,42.19,43.125,40.61,41.38
2015-03-16,41.47,42.98,41.15,42.88
2015-03-23,42.88,43.17,40.83,40.97
2015-03-30,41.1,41.54,40.12,40.29
2015-04-06,40.34,41.95,40.18,41.72
2015-04-13,41.4,42.46,41.16,41.615
2015-04-20,41.73,48.14,41.68,47.87
2015-04-27,47.23,49.54,47.22,48.655
2015-05-04,48.37,48.87,46.02,47.75
2015-05-11,47.55,48.905,46.42,48.295
2015-05-18,47.98,48.22,46.82,46.9
2015-05-26,46.83,48.02,46.19,46.86
2015-06-01,47.06,47.77,45.84,46.14
2015-06-08,46.3,46.92,45.46,45.97
2015-06-15,45.45,46.825,45.0201,46.1
2015-06-22,46.33,46.72,45.03,45.26
2015-06-29,45.04,45.23,43.94,44.4
2015-07-06,43.96,45.22,43.32,44.61
2015-07-13,44.975,46.78,44.9501,46.62
2015-07-20,46.65,47.33,45.1,45.94
2015-07-27,45.94,47.4,44.79,46.7
2015-08-03,46.98,48.41,46.26,46.74
2015-08-10,46.95,47.49,45.705,47
2015-08-17,46.81,47.45,43.07,43.07
2015-08-24,40.45,44.15,39.72,43.93
2015-08-31,43.56,43.98,41.66,42.61
2015-09-08,43.3,44.4,42.745,43.48
2015-09-14,43.43,45,42.86,43.48
2015-09-21,43.62,44.73,43.27,43.94
2015-09-28,43.83,45.57,43.05,45.57
2015-10-05,45.745,47.54,45.7,47.11
2015-10-12,46.98,47.54,46.5,47.51
2015-10-19,47.42,54.07,47.02,52.87
2015-10-26,52.53,54.37,52.5,52.64
2015-11-02,52.85,54.98,52.62,54.92
2015-11-09,54.55,54.87,52.53,52.84
2015-11-16,53.08,54.66,52.85,54.19
2015-11-23,54.25,54.46,53.58,53.93
2015-11-30,54.54,56.23,53.93,55.91
2015-12-07,55.79,56.1,54.01,54.06
2015-12-14,54.33,56.79,53.68,54.13
2015-12-21,54.88,55.96,54.2262,55.67
2015-12-28,55.35,56.85,54.98,55.48
2016-01-04,54.32,55.39,52.07,52.33
2016-01-11,52.51,54.07,50.34,50.99
2016-01-19,51.48,52.33,49.1,52.29
2016-01-25,51.94,55.09,51.0201,55.09
2016-02-01,54.88,55.09,49.56,50.16
2016-02-08,49.55,50.68,48.19,50.5
2016-02-16,50.9,52.95,50.13,51.82
2016-02-22,52.28,53,50.2,51.3
2016-02-29,51.35,52.97,50.66,52.03
2016-03-07,51.56,53.07,50.58,53.07
2016-03-14,52.71,55,52.63,53.49
2016-03-21,53.25,54.33,52.93,54.21
2016-03-28,54.21,55.64,53.33,55.57
2016-04-04,55.43,55.66,54.21,54.42
2016-04-11,54.49,55.92,53.76,55.65
2016-04-18,55.49,56.77,50.77,51.78
2016-04-25,51.78,52.35,49.35,49.87
2016-05-02,50,50.75,49.46,50.39
2016-05-09,50.49,51.895,50,51.08
2016-05-16,50.8,51.96,49.82,50.62
2016-05-23,50.6,52.49,49.98,52.32
2016-05-31,52.26,53,51.6,51.79
2016-06-06,51.99,52.73,51.04,51.48
2016-06-13,49.58,50.715,49.06,50.13
2016-06-20,50.64,52.06,49.52,49.83
2016-06-27,49.1,51.72,48.035,51.16
2016-07-05,50.83,52.36,50.39,52.3
2016-07-11,52.5,54,52.47,53.7
2016-07-18,53.7,56.84,52.93,56.57
2016-07-25,56.47,57.29,55.72,56.68
2016-08-01,56.6,58.21,56.14,57.96
2016-08-08,58.055,58.5,57.62,57.94
2016-08-15,58.01,58.5,57.2,57.62
2016-08-22,57.6,58.7,57.26,58.03
2016-08-29,58.18,58.6,57.01,57.67
2016-09-06,57.78,57.84,56.21,56.21
2016-09-12,56,57.63,55.61,57.25
2016-09-19,57.27,58,56.75,57.43
2016-09-26,57.08,58.1679,56.681,57.6
2016-10-03,57.405,57.98,56.97,57.8
2016-10-10,57.91,58.39,56.315,57.42
2016-10-17,57.36,60.45,56.66,59.66
2016-10-24,59.94,61.3699,59.58,59.87
2016-10-31,60.16,60.42,58.52,58.71
2016-11-07,59.78,60.78,57.6302,59.02
2016-11-14,59.02,61.14,57.28,60.35
2016-11-21,60.5,61.26,60.13,60.53
2016-11-28,60.34,61.41,58.8,59.25
2016-12-05,59.7,61.99,59.56,61.97
2016-12-12,61.82,63.45,61.72,62.3
2016-12-19,62.56,64.1,62.42,63.24
2016-12-27,63.21,64.07,62.03,62.14
2017-01-03,62.79,63.15,62.03,62.84
2017-01-09,62.76,63.4,61.95,62.7
2017-01-17,62.68,62.98,62.03,62.74
2017-01-23,62.7,65.91,62.57,65.78
2017-01-30,65.69,65.79,62.75,63.68
2017-02-06,63.5,64.435,63.14,64
2017-02-13,64.24,65.24,64.02,64.62
2017-02-21,64.61,64.95,64.05,64.62
2017-02-27,64.54,64.99,63.62,64.25
2017-03-06,63.97,65.26,63.81,64.93
2017-03-13,65.01,65.24,64.15,64.87
2017-03-20,64.91,65.5,64.12,64.98
2017-03-27,64.63,66.19,64.35,65.86
2017-04-03,65.81,66.35,65.19,65.68
2017-04-10,65.61,65.86,64.85,64.95
2017-04-17,65.04,66.7,64.89,66.4
2017-04-24,67.48,69.14,67.1,68.46
2017-05-01,68.68,69.71,68.485,69
2017-05-08,68.97,69.56,68.04,68.38
2017-05-15,68.14,69.44,67.14,67.69
2017-05-22,67.89,70.22,67.5,69.96
2017-05-30,69.79,71.86,69.451,71.76
2017-06-05,71.97,72.89,68.59,70.32
2017-06-12,69.25,71.1,68.13,70
2017-06-19,70.5,71.25,69.71,71.21
2017-06-26,71.4,71.71,68.09,68.93
2017-07-03,69.33,69.84,68.02,69.46
2017-07-10,69.46,73.27,69.2,72.78
2017-07-17,72.8,74.3,72.66,73.79
2017-07-24,73.53,74.42,72.32,73.04
2017-07-31,73.3,73.44,71.445,72.68
2017-08-07,72.8,73.13,71.28,72.5
2017-08-14,73.06,74.1,71.93,72.49
2017-08-21,72.47,73.35,71.7,72.82
2017-08-28,73.06,74.96,72.05,73.94
2017-09-05,73.34,74.6,72.98,73.98
2017-09-11,74.31,75.49,74.07,75.31
2017-09-18,75.23,75.97,73.85,74.41
2017-09-25,74.09,74.535,72.92,74.49
2017-10-02,74.71,76.12,73.71,76
2017-10-09,75.97,77.87,75.86,77.49
2017-10-16,77.42,78.97,77.25,78.81
2017-10-23,78.99,86.2,78.01,83.81
2017-10-30,83.7,84.54,82.88,84.14
2017-11-06,84.2,84.9,82.9,83.87
2017-11-13,83.66,84.1,82.24,82.4
2017-11-20,82.4,83.9,82.25,83.26
2017-11-27,83.31,85.06,83.175,84.26
2017-12-04,84.42,84.58,80.7,84.16
2017-12-11,84.29,87.09,84.12,86.85
2017-12-18,87.12,87.4999,84.71,85.51
2017-12-26,85.31,86.05,85.03,85.54
2018-01-02,86.125,88.41,85.5,88.19
2018-01-08,88.2,89.78,87.24,89.6
2018-01-16,90.1,90.79,88.0104,90
2018-01-22,90,94.06,89.74,94.06
2018-01-29,95.14,96.07,91.5,91.78
2018-02-05,90.56,93.24,83.83,88.18
2018-02-12,88.735,93.5,87.8,92
2018-02-20,91.475,94.07,91.01,94.06
2018-02-26,94.4,95.84,90.86,93.05
2018-03-05,92.34,96.54,92.26,96.54
2018-03-12,96.5,97.24,92.83,94.6
2018-03-19,93.74,94.05,87.08,87.18
2018-03-26,90.61,95.139,88.4,91.27
2018-04-02,90.47,93.065,87.51,90.23
2018-04-09,91.04,94.18,90.62,93.08
2018-04-16,94.07,97.07,93.42,95
2018-04-23,95.7436,97.9,90.28,95.82
2018-04-30,96.33,96.3964,92.45,95.16
2018-05-07,95.17,97.95,95.05,97.7
2018-05-14,97.92,98.69,95.83,96.36
2018-05-21,97,98.98,96.32,98.36
2018-05-29,97.84,100.86,97.23,100.79
2018-06-04,101.26,102.69,100.38,101.63
2018-06-11,101.37,102.03,100.07,100.13
2018-06-18,100.01,102.52,99.42,100.41
2018-06-25,100,100.11,97.26,98.61
2018-07-02,98.1,101.43,98,101.16
2018-07-09,101.6452,105.6,101.1,105.43
2018-07-16,105.4,108.2,103.89,106.27
2018-07-23,106.3,111.15,106.13,107.68
2018-07-30,107.19,108.09,104.76,108.04
2018-08-06,108.12,110.16,107.559,109
2018-08-13,109.24,109.75,106.69,107.58
2018-08-20,107.51,108.56,105.78,108.4
2018-08-27,109.27,112.777,108.51,112.33
2018-09-04,110.85,111.955,107.23,108.21
2018-09-10,108.84,113.73,108.36,113.37
2018-09-17,113.69,115.29,111.035,114.26
2018-09-24,113.03,115.1,112.2175,114.37
2018-10-01,114.75,116.18,110.64,112.13
2018-10-08,111.66,113.08,104.2,109.57
2018-10-15,108.91,111.81,106.9468,108.66
2018-10-22,109.32,110.54,101.5901,106.96
2018-10-29,108.105,108.7,100.11,106.16
2018-11-05,106.37,112.24,105.9,109.57
2018-11-12,109.42,109.96,103.91,108.29
2018-11-19,108.27,108.56,99.3528,103.07
2018-11-26,104.79,111.33,104.58,110.89
2018-12-03,113,113.42,104.3,104.82
2018-12-10,104.8,111.27,103.89,106.03
2018-12-17,105.41,106.88,97.46,98.23
2018-12-24,97.68,102.41,93.96,100.39
2018-12-31,101.29,102.51,97.2,101.93
2019-01-07,101.64,104.88,100.98,102.8
2019-01-14,101.9,107.9,101.26,107.71
2019-01-22,106.75,107.88,104.86,107.17
2019-01-28,106.26,106.48,102.17,102.78
2019-02-04,102.87,107.27,102.77,105.67
2019-02-11,106.2,108.3,104.965,108.22
2019-02-19,107.79,111.2,106.29,110.97
2019-02-25,111.76,113.24,110.88,112.53
2019-03-04,113.02,113.25,108.8,110.51
2019-03-11,110.99,117.25,110.98,115.91
2019-03-18,116.17,120.82,116.05,117.05
2019-03-25,116.56,118.705,115.5215,117.94
2019-04-01,118.95,120.43,118.1,119.89
2019-04-08,119.81,120.98,118.58,120.95
2019-04-15,120.94,123.52,120.1,123.37
2019-04-22,122.62,131.37,122.57,129.89
2019-04-29,129.9,130.7,125.52,128.9
2019-05-06,126.39,128.56,123.57,127.13
2019-05-13,124.11,130.46,123.04,128.07
2019-05-20,126.52,128.24,124.74,126.24
2019-05-28,126.98,128,123.32,123.68
2019-06-03,123.85,132.25,119.01,131.4
2019-06-10,132.4,134.24,130.71,132.45
2019-06-17,132.63,137.73,132.53,136.97
2019-06-24,137,138.4,132.73,133.96
2019-07-01,136.63,137.74,134.97,137.06
2019-07-08,136.4,139.22,135.3701,138.9
2019-07-15,139.44,140.67,134.67,136.62
2019-07-22,137.41,141.675,137.33,141.34
2019-07-29,141.5,141.51,135.08,136.9
2019-08-05,133.3,139.38,130.78,137.71
2019-08-12,137.07,138.8,132.25,136.13
2019-08-19,137.855,139.4935,132.8,133.39
2019-08-26,134.99,139.18,133.55,137.86
2019-09-03,136.61,140.3837,135.7,139.1
2019-09-09,139.59,139.75,134.51,137.32
2019-09-16,135.83,142.37,135.66,139.44
2019-09-23,139.23,140.69,136.03,137.73
2019-09-30,138.05,140.25,133.22,138.12
2019-10-07,137.14,141.03,135.62,139.68
2019-10-14,139.69,141.79,136.56,137.41
2019-10-21,138.45,141.14,135.61,140.73
2019-10-28,144.4,145.67,142.65,143.72
2019-11-04,144.83,145.99,143.2,145.96
2019-11-11,145.34,149.99,144.73,149.97
2019-11-18,150.07,151.33,148.46,149.59
2019-11-25,150,152.5,149.92,151.38
2019-12-02,151.81,151.87,146.65,151.75
2019-12-09,151.07,154.89,150.33,154.53
2019-12-16,155.11,158.49,153.75,157.41
2019-12-23,158.12,159.55,157.115,158.96
2019-12-30,158.9865,160.73,156.45,158.62
2020-01-06,157.08,163.22,156.51,161.34
2020-01-13,161.76,167.4675,161.26,167.1
2020-01-21,166.68,168.19,164.45,165.04
2020-01-27,161.15,174.05,160.2,170.23
2020-02-03,170.43,185.63,170.4,183.89
2020-02-10,183.58,190.7,181.85,185.35
2020-02-18,185.605,188.18,177.25,178.59
2020-02-24,167.77,174.84,152,162.01
2020-03-02,165.31,175,156,161.57
2020-03-09,151,161.91,138.58,158.83
2020-03-16,140,150.15,135,137.35
2020-03-23,137.01,156.66,132.52,149.7
2020-03-30,152.44,164.78,150.01,153.83
2020-04-06,160.32,170,157.58,165.14
2020-04-13,164.35,180,162.3,178.6
2020-04-20,176.63,178.75,166.1102,174.55
2020-04-27,176.59,180.4,169.39,174.57
2020-05-04,174.49,185,173.8,184.68
2020-05-11,183.15,187.51,175.68,183.16
2020-05-18,185.75,186.67,182.54,183.51
2020-05-26,186.34,186.5,176.6,183.25
2020-06-01,182.54,187.73,181.35,187.2
2020-06-08,185.94,198.52,184.44,187.74
2020-06-15,184.58,199.29,184.01,195.15
2020-06-22,195.79,203.95,194.88,196.33
2020-06-29,195.78,208.02,193.55,206.26
2020-07-06,208.8335,216.38,207.99,213.67
2020-07-13,214.48,215.8,201.39,202.88
2020-07-20,205,213.94,197.51,201.3
2020-07-27,201.47,205.1,199.01,205.01
2020-08-03,211.52,217.64,210.31,212.48
2020-08-10,211.67,211.88,203.14,208.9
2020-08-17,209.6,216.25,208.91,213.02
2020-08-24,214.79,231.15,212.43,228.91
2020-08-31,227,232.86,205.19,214.25
2020-09-08,206.5,214.8399,201.24,204.03
2020-09-14,204.24,210.65,196.25,200.39
2020-09-21,197.19,209.04,196.38,207.82
2020-09-28,210.88,213.99,205.54,206.19
2020-10-05,207.22,215.86,204.82,215.81
2020-10-12,218.79,225.21,216.01,219.66
2020-10-19,220.415,222.3,211.7,216.23
2020-10-26,213.85,216.3399,199.62,202.47
2020-11-02,204.29,224.36,200.12,223.72
2020-11-09,224.435,228.12,209.72,216.51
2020-11-16,214.87,217.74,209.93,210.39
2020-11-23,210.95,216.27,208.16,215.23
2020-11-30,214.1,217.32,210.835,214.36
2020-12-07,214.37,216.95,209.11,213.26
2020-12-14,213.1,220.89,212.24,218.59
2020-12-21,217.55,225.63,217.2801,222.75
2020-12-28,224.45,227.18,219.68,222.42
2021-01-04,222.53,223,211.94,219.62
2021-01-11,218.47,218.91,212.03,212.65
2021-01-19,213.75,230.07,212.63,225.95
2021-01-25,229.12,242.64,224.22,231.96
2021-02-01,235.06,245.09,232.43,242.2
2021-02-08,243.15,245.92,240.81,244.99
2021-02-16,245.03,246.13,240.18,240.97
2021-02-22,237.42,237.93,227.88,232.38
2021-03-01,235.9,237.47,224.26,231.6
2021-03-08,231.37,239.17,227.13,235.75
2021-03-15,234.96,240.055,229.3496,230.35
2021-03-22,230.27,241.05,230.14,236.48
2021-03-29,236.59,242.84,231.1,242.35
2021-04-05,242.76,255.99,242.7,255.85
2021-04-12,254.71,261,254.62,260.74
2021-04-19,260.19,261.78,255.64,261.15
2021-04-26,261.66,263.19,249,252.18
2021-05-03,253.4,254.35,244.69,252.46
2021-05-10,250.87,251.73,238.07,248.15
2021-05-17,246.55,248.33,238.6,245.17
2021-05-24,247.785,252.94,247.51,249.68
2021-06-01,251.23,251.65,243,250.79
2021-06-07,249.98,258.4868,249.81,257.89
2021-06-14,257.9,262.3,254.42,259.43
2021-06-21,259.82,267.85,257.92,265.02
2021-06-28,266.185,278,265.91,277.65
2021-07-06,278.03,280.6945,274.3,277.94
2021-07-12,279.157,284.1,276.58,280.75
2021-07-19,278.9335,289.99,274.45,289.67
2021-07-26,289,290.15,282.95,284.91
2021-08-02,286.36,289.63,283.74,289.46
2021-08-09,289.75,292.9,285.2,292.85
2021-08-16,293.19,305.84,288.64,304.36
2021-08-23,303.245,305.65,296.83,299.72
2021-08-30,301.115,305.19,300.18,301.14
2021-09-07,301.005,302.14,295.38,295.71
2021-09-13,297.55,305.32,294.08,299.87
2021-09-20,296.33,300.9,289.52,299.35
2021-09-27,296.14,296.47,281.29,289.1
2021-10-04,287.4,296.6409,280.25,294.85
2021-10-11,292.92,304.45,292.35,304.21
2021-10-18,303.57,311.09,302.69,309.16
2021-10-25,309.36,332,306.46,331.62
2021-11-01,331.355,338.79,326.37,336.06
2021-11-08,337.3,338.72,329.92,336.72
2021-11-15,337.54,345.1,334.034,343.11
2021-11-22,344.62,349.67,328.12,329.68
2021-11-29,334.94,339.28,318.03,323.01
2021-12-06,323.95,343,319.23,342.54
2021-12-13,340.68,343.79,317.25,323.8
2021-12-20,320.05,336.39,317.57,334.69
2021-12-27,335.46,344.3,335.43,336.32
2022-01-03,335.35,338,310.09,314.04
2022-01-10,309.485,323.41,303.75,310.2
2022-01-18,304.07,313.9093,295.61,296.03
2022-01-24,292.2,308.5,276.05,308.26
2022-01-31,308.95,315.12,299.96,305.94
2022-02-07,306.17,311.93,294.22,295.04
2022-02-14,293.77,300.87,286.305,287.93
2022-02-22,285,297.63,271.52,297.31
2022-02-28,294.31,303.13,287.165,289.86
2022-03-07,288.53,289.69,270,280.07
2022-03-14,280.34,301,275.82,300.43
2022-03-21,298.89,305.5,294.9,303.68
2022-03-28,304.33,315.95,304.33,309.42
2022-04-04,310.09,315.11,296.28,296.97
2022-04-11,291.79,292.61,279.32,279.83
2022-04-18,278.91,293.3,273.38,274.03
2022-04-25,273.29,290.98,270,277.52
2022-05-02,277.71,290.88,271.27,274.73
2022-05-09,270.06,273.75,250.02,261.12
2022-05-16,259.955,268.33,246.44,252.56
2022-05-23,255.49,273.34,253.43,273.24
2022-05-31,272.53,277.69,261.6,270.02
2022-06-06,272.06,274.18,252.53,252.99
2022-06-13,245.11,255.3,241.51,247.65
2022-06-21,250.255,267.98,249.51,267.7
2022-06-27,268.205,268.3,252.9,259.58
2022-07-05,256.16,269.055,254.74,267.66
2022-07-11,265.65,266.53,245.94,256.72
2022-07-18,259.75,265.33,253.3,260.36
2022-07-25,260.995,282,249.57,280.74
2022-08-01,277.82,283.8,272.38,282.91
2022-08-08,284.05,291.91,277.61,291.91
2022-08-15,291,294.18,285.56,286.15
2022-08-22,282.08,282.46,267.98,268.09
2022-08-29,265.85,267.4,254.47,256.06
2022-09-06,256.2,265.23,251.94,264.46
2022-09-12,265.78,267.45,242.0627,244.74
2022-09-19,242.465,247.66,235.2,237.92
2022-09-26,237.045,242.33,232.73,232.9
2022-10-03,235.41,250.58,233.17,234.24
2022-10-10,233.05,237.24,219.13,228.56
2022-10-17,235.82,243.93,234.29,242.12
2022-10-24,243.76,251.04,225.78,235.87
2022-10-31,233.76,235.74,213.431,221.39
2022-11-07,221.99,247.99,221.28,247.11
2022-11-14,241.985,247,237.63,241.22
2022-11-21,241.43,248.7,240.71,247.49
2022-11-28,246.08,256.12,238.21,255.02
2022-12-05,252.01,253.819,242.205,245.42
2022-12-12,247.445,263.915,243.51,244.69
2022-12-19,244.86,245.615,233.87,238.73
2022-12-27,238.7,241.92,234.17,239.82
2023-01-03,243.08,245.75,219.35,224.93
2023-01-09,226.45,239.9,226.41,239.23
2023-01-17,237.97,242.38,230.68,240.22
2023-01-23,241.1,249.83,230.9,248.16
2023-01-30,244.51,264.69,242.2,258.35
2023-02-06,257.44,276.76,254.78,263.1
2023-02-13,267.64,274.97,256,258.06
2023-02-21,254.48,256.84,248.1,249.22
2023-02-27,252.46,255.62,245.61,255.29
2023-03-06,256.425,260.12,247.6,248.59
2023-03-13,247.4,283.33,245.73,279.43
2023-03-20,276.98,281.06,269.5191,280.57
2023-03-27,280.5,289.27,272.0451,288.3
2023-04-03,286.52,292.08,282.03,291.6
2023-04-10,289.208,289.9,281.64,286.14
2023-04-17,289.93,291.755,283.0608,285.76
2023-04-24,282.09,308.93,275.37,307.26
2023-05-01,306.97,311.97,303.4,310.65
2023-05-08,310.13,313,306.09,308.97
2023-05-15,309.095,319.04,307.59,318.34
2023-05-22,318.6,333.4,312.61,332.89
2023-05-30,335.23,337.5,324.72,335.4
2023-06-05,335.22,338.5599,322.5,326.79
2023-06-12,328.58,351.47,325.16,342.33
2023-06-20,339.31,342.08,332.07,335.02
2023-06-26,333.72,342.73,328.49,340.54
2023-07-03,339.19,342.99,334.7276,337.22
2023-07-10,334.6,351.43,327,345.24
2023-07-17,345.678,366.78,339.83,343.77
2023-07-24,345.85,351.89,329.05,338.37
2023-07-31,336.92,338.54,325.95,327.78
2023-08-07,328.37,331.11,319.21,321.01
2023-08-14,321.39,325.09,311.5508,316.48
2023-08-21,317.93,332.98,317.04,322.98
2023-08-28,325.66,331.99,321.722,328.66
2023-09-05,329,336.16,328.66,334.27
2023-09-11,337.24,340.86,329.65,330.22
2023-09-18,327.8,330.4,315,317.01
2023-09-25,316.59,319.47,309.45,315.75
2023-10-02,316.28,329.19,311.215,327.26
2023-10-09,324.75,333.83,323.18,327.73
2023-10-16,331.05,336.88,325.45,326.67
2023-10-23,325.47,346.2,324.39,329.81
2023-10-30,333.41,354.39,331.83,352.8
2023-11-06,353.45,370.1,353.35,369.67
2023-11-13,368.22,376.35,365.9,369.85
2023-11-20,371.22,379.7899,371,377.43
2023-11-27,376.78,384.3,371.31,374.51
2023-12-04,369.1,374.46,362.9,374.23
2023-12-11,368.48,377.6361,364.13,370.73
2023-12-18,369.45,376.03,368.68,374.58
2023-12-26,375,377.16,372.8116,376.04
2024-01-02,373.86,375.9,366.5,367.75
2024-01-08,369.3,390.68,369.01,388.47
2024-01-16,393.66,398.67,384.81,398.67
2024-01-22,400.02,407.01,393.59,403.93
2024-01-29,406.06,415.32,397.21,411.22
2024-02-05,409.9,420.82,402.91,420.55
2024-02-12,420.555,420.74,403.39,404.06
2024-02-20,403.24,415.86,397.22,410.34
2024-02-26,411.455,415.87,403.85,415.5
2024-03-04,413.44,417.35,398.39,406.22
2024-03-11,403.762,427.82,401.26,416.42
2024-03-18,414.25,430.82,413.78,428.74
2024-03-25,425.24,427.41,419.01,420.72
2024-04-01,423.95,428.67,417.57,425.52
2024-04-08,425.17,429.37,419.7,421.9