Date,Open,High,Low,Close,Volume
1994-03-06,785.62,793.6,771.88,790.55,0
1994-03-13,792.06,795.84,786.23,789.2,0
1994-03-20,790.02,804.53,789.16,803.93,0
1994-03-27,803.39,804.01,783.13,783.45,0
1994-04-03,784.21,784.79,731.74,743.46,0
1994-04-10,737.13,755.6,721.47,748.71,0
1994-04-17,748.38,749.5,721.31,727.97,0
1994-04-24,729.49,731.38,703.15,722.56,0
1994-05-01,723.65,736.25,722.56,733.84,0
1994-05-08,735.01,742.68,729.98,732.86,0
1994-05-15,731.73,732.89,713.0,716.92,0
1994-05-22,716.9,729.04,703.78,726.7,0
1994-05-29,727.25,735.23,722.93,733.14,0
1994-06-05,732.71,743.79,730.24,742.38,0
1994-06-12,743.0,744.97,727.09,734.25,0
1994-06-19,733.96,738.41,728.77,729.35,0
1994-06-26,726.45,729.35,693.09,693.79,0
1994-07-03,694.16,708.02,690.85,706.85,0
1994-07-10,706.73,709.42,699.37,707.46,0
1994-07-17,708.46,726.06,702.98,721.36,0
1994-07-24,722.3,723.17,710.47,716.68,0
1994-07-31,716.66,722.37,711.85,722.16,0
1994-08-07,722.84,728.21,715.77,718.67,0
1994-08-14,717.73,731.97,717.05,731.61,0
1994-08-21,732.11,744.73,730.25,742.43,0
1994-08-28,741.76,764.62,740.28,762.94,0
1994-09-04,763.44,767.67,757.43,759.23,0
1994-09-11,759.01,769.56,757.49,763.73,0
1994-09-18,763.56,779.73,758.99,777.91,0
1994-09-25,778.13,779.2,756.63,757.46,0
1994-10-02,756.95,765.3,752.35,764.29,0
1994-10-09,764.47,765.85,737.59,749.96,0
1994-10-16,751.33,774.91,749.96,767.08,0
1994-10-23,767.07,772.63,763.33,765.38,0
1994-10-30,766.22,776.26,754.17,776.15,0
1994-11-06,775.87,778.88,765.98,766.08,0
1994-11-13,766.22,774.61,761.32,762.12,0
1994-11-20,763.61,771.88,762.12,764.67,0
1994-11-27,767.03,768.3,728.72,742.52,0
1994-12-04,743.08,754.35,739.15,745.02,0
1994-12-11,745.53,747.82,710.87,719.05,0
1994-12-18,719.24,732.21,712.09,729.07,0
1994-12-25,728.75,743.36,726.15,742.19,0
1995-01-01,743.6,752.21,740.68,751.96,0
1995-01-08,751.31,751.96,740.44,749.69,0
1995-01-15,750.19,762.55,749.6,762.16,0
1995-01-22,762.3,774.35,759.18,762.05,0
1995-01-29,759.32,763.46,753.73,758.91,0
1995-02-05,759.63,773.99,750.91,772.06,0
1995-02-12,772.82,790.98,772.04,790.43,0
1995-02-19,789.7,796.24,786.66,786.97,0
1995-02-26,787.73,794.68,783.43,791.08,0
1995-03-05,789.55,798.98,783.68,798.79,0
1995-03-12,796.53,802.37,790.23,802.22,0
1995-03-19,802.22,811.45,801.22,808.33,0
1995-03-26,808.35,818.68,806.63,818.66,0
1995-04-02,817.88,830.01,806.27,817.21,0
1995-04-09,816.06,820.68,810.82,814.69,0
1995-04-16,814.44,833.04,813.74,832.64,0
1995-04-23,835.15,839.6,812.61,823.44,0
1995-04-30,823.25,844.45,821.44,843.98,0
1995-05-07,844.72,856.83,839.26,843.53,0
1995-05-14,843.48,860.04,842.44,858.94,0
1995-05-21,859.74,874.63,857.89,864.57,0
1995-05-28,865.57,886.1,864.32,871.87,0
1995-06-04,872.77,875.25,851.56,872.97,0
1995-06-11,875.25,886.4,872.83,884.38,0
1995-06-18,885.55,908.69,884.31,908.65,0
1995-06-25,909.9,940.21,908.63,938.87,0
1995-07-02,938.33,939.27,912.91,933.45,0
1995-07-09,933.99,969.77,931.95,969.76,0
1995-07-16,970.41,999.73,969.77,999.33,0
1995-07-23,1000.73,1007.79,936.97,961.77,0
1995-07-30,964.12,1011.9,961.77,1005.28,0
1995-08-06,1006.43,1007.14,970.6,991.09,0
1995-08-13,992.78,1007.13,981.33,1004.11,0
1995-08-20,1004.19,1034.54,1003.07,1031.28,0
1995-08-27,1033.02,1035.35,999.61,1019.97,0
1995-09-03,1020.7,1023.26,989.33,1019.47,0
1995-09-10,1021.73,1060.05,1019.47,1060.03,0
1995-09-17,1060.47,1070.47,1047.43,1051.1,0
1995-09-24,1052.0,1067.01,1041.57,1053.39,0
1995-10-01,1053.53,1054.11,1008.38,1043.54,0
1995-10-08,1041.39,1044.23,999.79,1012.04,0
1995-10-15,1006.81,1024.63,956.98,1018.38,0
1995-10-22,1018.33,1050.69,1016.34,1039.53,0
1995-10-29,1035.28,1047.01,1007.28,1025.55,0
1995-11-05,1028.17,1065.66,1025.55,1065.66,0
1995-11-12,1065.63,1068.8,1038.47,1063.87,0
1995-11-19,1063.21,1067.0,1033.11,1045.03,0
1995-11-26,1048.07,1050.11,1016.36,1030.17,0
1995-12-03,1034.0,1061.92,1028.96,1055.31,0
1995-12-10,1057.95,1075.14,1048.11,1062.41,0
1995-12-17,1064.68,1066.06,1028.14,1030.48,0
1995-12-24,1029.12,1046.97,1001.37,1046.89,0
1995-12-31,1047.56,1052.32,1039.47,1052.13,0
1996-01-07,1052.83,1058.94,1017.53,1033.47,0
1996-01-14,1034.94,1035.9,987.85,1008.23,0
1996-01-21,1009.96,1019.62,969.95,1018.45,0
1996-01-28,1019.72,1046.15,1018.45,1040.96,0
1996-02-04,1042.53,1076.83,1039.68,1072.11,0
1996-02-11,1072.95,1099.05,1070.64,1094.6,0
1996-02-18,1094.84,1099.03,1079.65,1090.71,0
1996-02-25,1085.52,1122.05,1079.91,1117.79,0
1996-03-03,1116.53,1119.36,1082.79,1086.08,0
1996-03-10,1088.91,1099.26,1057.73,1063.73,0
1996-03-17,1065.0,1099.9,1063.72,1099.59,0
1996-03-24,1102.78,1119.89,1096.19,1102.22,0
1996-03-31,1104.31,1107.2,1079.45,1101.4,0
1996-04-07,1105.77,1119.49,1100.71,1118.21,0
1996-04-14,1106.32,1118.22,1092.23,1100.94,0
1996-04-21,1102.8,1143.58,1100.94,1138.7,0
1996-04-28,1143.08,1189.27,1138.72,1186.89,0
1996-05-05,1186.67,1200.26,1178.24,1184.6,0
1996-05-12,1186.83,1202.81,1163.02,1202.76,0
1996-05-19,1204.33,1246.24,1202.54,1241.88,0
1996-05-26,1246.0,1252.92,1240.5,1247.8,0
1996-06-02,1249.6,1251.6,1222.75,1243.43,0
1996-06-09,1242.54,1254.32,1205.91,1229.76,0
1996-06-16,1231.5,1240.99,1213.18,1213.18,0
1996-06-23,1215.3,1217.49,1152.42,1175.44,0
1996-06-30,1177.93,1186.65,1147.58,1185.02,0
1996-07-07,1185.64,1199.98,1158.33,1158.35,0
1996-07-14,1157.69,1161.05,1094.22,1103.49,0
1996-07-21,1102.52,1109.86,1008.44,1097.68,0
1996-07-28,1096.28,1097.7,1017.64,1079.44,0
1996-08-04,1079.21,1125.98,1063.2,1124.92,0
1996-08-11,1127.91,1141.4,1113.87,1137.27,0
1996-08-18,1136.69,1139.8,1123.92,1133.65,0
1996-08-25,1133.92,1146.82,1118.62,1143.05,0
1996-09-01,1144.36,1154.03,1137.29,1141.5,0
1996-09-08,1133.3,1145.81,1123.14,1139.39,0
1996-09-15,1140.79,1188.68,1140.79,1188.67,0
1996-09-22,1190.04,1221.27,1187.5,1219.69,0
1996-09-29,1216.69,1237.26,1207.68,1230.05,0
1996-10-06,1229.14,1247.59,1214.6,1247.56,0
1996-10-13,1247.14,1256.72,1232.64,1248.27,0
1996-10-20,1250.67,1269.62,1238.24,1242.48,0
1996-10-27,1241.95,1253.32,1215.08,1222.6,0
1996-11-03,1225.39,1229.63,1202.36,1221.78,0
1996-11-10,1223.47,1257.62,1218.23,1257.51,0
1996-11-17,1258.24,1274.76,1165.81,1261.8,0
1996-11-24,1263.08,1274.66,1250.21,1274.36,0
1996-12-01,1275.41,1293.75,1271.54,1292.61,0
1996-12-08,1294.78,1313.38,1258.89,1287.68,0
1996-12-15,1296.18,1328.95,1281.43,1284.91,0
1996-12-22,1289.72,1304.56,1251.03,1288.56,0
1996-12-29,1290.68,1297.15,1276.93,1291.38,0
1997-01-05,1295.18,1310.84,1272.34,1310.68,0
1997-01-12,1314.34,1332.02,1310.63,1332.02,0
1997-01-19,1335.45,1350.53,1328.71,1349.05,0
1997-01-26,1351.14,1400.53,1349.04,1363.83,0
1997-02-02,1367.41,1381.97,1349.28,1379.85,0
1997-02-09,1383.97,1384.51,1339.64,1357.71,0
1997-02-16,1360.46,1373.75,1319.69,1367.19,0
1997-02-23,1369.16,1371.2,1332.05,1334.32,0
1997-03-02,1328.4,1355.67,1296.88,1309.0,0
1997-03-09,1306.21,1332.49,1301.83,1311.8,0
1997-03-16,1312.72,1326.08,1291.7,1292.97,0
1997-03-23,1289.36,1292.97,1239.76,1254.07,0
1997-03-30,1251.07,1277.36,1230.96,1249.51,0
1997-04-06,1246.35,1249.62,1196.22,1236.73,0
1997-04-13,1245.83,1267.41,1206.78,1206.9,0
1997-04-20,1209.04,1233.01,1199.68,1222.57,0
1997-04-27,1221.98,1242.16,1194.16,1209.29,0
1997-05-04,1211.87,1306.11,1203.97,1305.33,0
1997-05-11,1311.7,1343.01,1305.33,1335.05,0
1997-05-18,1339.05,1354.33,1328.07,1340.73,0
1997-05-25,1343.32,1389.86,1335.95,1389.72,0
1997-06-01,1388.0,1414.26,1352.65,1400.32,0
1997-06-08,1407.07,1408.49,1375.45,1404.84,0
1997-06-15,1410.69,1426.73,1394.44,1423.03,0
1997-06-22,1423.74,1453.51,1421.74,1447.1,0
1997-06-29,1444.84,1458.85,1433.33,1438.15,0
1997-07-06,1439.47,1469.36,1432.07,1467.61,0
1997-07-13,1472.61,1503.31,1466.57,1502.62,0
1997-07-20,1506.97,1582.63,1502.62,1547.99,0
1997-07-27,1548.1,1578.86,1530.23,1569.58,0
1997-08-03,1573.09,1599.03,1560.51,1594.33,0
1997-08-10,1593.09,1638.26,1586.6,1598.52,0
1997-08-17,1599.16,1601.15,1561.85,1562.03,0
1997-08-24,1563.45,1628.81,1545.13,1598.69,0
1997-08-31,1601.11,1611.32,1572.09,1587.32,0
1997-09-07,1595.07,1639.9,1587.32,1635.77,0
1997-09-14,1641.72,1659.37,1620.52,1649.33,0
1997-09-21,1649.76,1680.37,1634.76,1680.36,0
1997-09-28,1684.31,1702.49,1675.56,1682.24,0
1997-10-05,1685.3,1726.59,1680.62,1715.87,0
1997-10-12,1722.39,1748.78,1716.6,1739.03,0
1997-10-19,1744.88,1747.98,1646.04,1666.85,0
1997-10-26,1675.16,1717.3,1642.69,1650.92,0
1997-11-02,1633.92,1650.92,1465.84,1593.61,0
1997-11-09,1609.62,1644.55,1587.31,1602.4,0
1997-11-16,1609.77,1616.82,1526.85,1583.51,0
1997-11-23,1601.95,1654.43,1594.05,1620.75,0
1997-11-30,1612.94,1620.75,1580.15,1600.55,0
1997-12-07,1608.56,1633.96,1591.05,1633.9,0
1997-12-14,1639.39,1652.84,1533.62,1536.58,0
1997-12-21,1540.41,1568.54,1486.23,1524.74,0
1997-12-28,1533.46,1544.45,1497.67,1511.38,0
1998-01-04,1521.79,1581.57,1511.38,1581.53,0
1998-01-11,1585.77,1602.88,1497.37,1503.22,0
1998-01-18,1482.01,1564.96,1465.61,1562.88,0
1998-01-25,1567.8,1590.66,1567.8,1575.93,0
1998-02-01,1578.33,1629.54,1556.91,1619.36,0
1998-02-08,1640.06,1701.2,1619.36,1694.35,0
1998-02-15,1699.92,1715.11,1686.21,1710.42,0
1998-02-22,1721.02,1731.87,1700.91,1728.13,0
1998-03-01,1744.21,1783.74,1728.15,1770.51,0
1998-03-08,1778.72,1781.25,1708.48,1753.49,0
1998-03-15,1747.94,1780.9,1724.92,1771.66,0
1998-03-22,1779.41,1807.03,1768.78,1789.16,0
1998-03-29,1784.95,1840.83,1783.19,1823.62,0
1998-04-05,1823.79,1865.8,1814.41,1855.4,0
1998-04-12,1859.24,1861.12,1788.74,1820.24,0
1998-04-19,1824.07,1866.92,1810.14,1866.6,0
1998-04-26,1869.01,1931.83,1860.26,1868.96,0
1998-05-03,1842.57,1875.52,1804.14,1873.44,0
1998-05-10,1880.12,1890.8,1831.52,1864.37,0
1998-05-17,1870.01,1878.5,1839.13,1846.77,0
1998-05-24,1838.53,1852.27,1801.62,1805.0,0
1998-05-31,1813.53,1818.08,1741.72,1778.87,0
1998-06-07,1770.37,1782.97,1741.1,1782.92,0
1998-06-14,1783.47,1803.91,1715.71,1745.05,0
1998-06-21,1726.57,1787.06,1715.04,1781.29,0
1998-06-28,1782.56,1894.71,1777.23,1869.53,0
1998-07-05,1880.59,1914.46,1869.53,1894.0,0
1998-07-12,1898.63,1951.07,1893.09,1943.04,0
1998-07-19,1948.32,2010.61,1943.04,2008.76,0
1998-07-26,2013.48,2028.18,1909.56,1930.99,0
1998-08-02,1916.31,1938.09,1871.72,1872.39,0
1998-08-09,1869.72,1872.59,1750.81,1846.77,0
1998-08-16,1847.21,1850.1,1775.24,1790.19,0
1998-08-23,1784.91,1874.31,1766.37,1797.61,0
1998-08-30,1803.77,1818.03,1624.0,1639.68,0
1998-09-06,1646.75,1655.19,1475.49,1566.52,0
1998-09-13,1623.95,1666.73,1566.52,1641.66,0
1998-09-20,1660.31,1693.8,1637.05,1663.77,0
1998-09-27,1630.11,1768.36,1615.33,1743.59,0
1998-10-04,1757.9,1769.71,1569.06,1614.98,0
1998-10-11,1591.17,1614.98,1357.09,1492.49,0
1998-10-18,1528.49,1634.74,1492.49,1620.95,0
1998-10-25,1618.14,1710.65,1613.85,1693.86,0
1998-11-01,1706.18,1781.63,1693.86,1771.39,0
1998-11-08,1783.71,1857.95,1771.4,1856.56,0
1998-11-15,1857.65,1892.54,1842.52,1847.99,0
1998-11-22,1868.44,1936.1,1844.07,1928.21,0
1998-11-29,1937.82,2016.52,1928.2,2016.44,0
1998-12-06,2023.66,2025.04,1924.15,2003.16,0
1998-12-13,2009.98,2060.98,2004.99,2029.31,0
1998-12-20,2013.43,2086.14,1962.06,2086.14,0
1998-12-27,2107.24,2172.57,2104.19,2163.03,0
1999-01-03,2178.24,2200.63,2160.93,2192.69,0
1999-01-10,2207.54,2369.55,2192.68,2344.41,0
1999-01-17,2373.97,2396.3,2205.69,2348.2,0
1999-01-24,2390.93,2474.38,2303.82,2338.88,0
1999-01-31,2363.48,2506.68,2328.74,2505.89,0
1999-02-07,2522.38,2533.44,2346.82,2373.62,0
1999-02-14,2405.31,2414.98,2289.9,2321.89,0
1999-02-21,2361.22,2368.41,2224.21,2283.6,0
1999-02-28,2293.33,2405.29,2275.6,2288.03,0
1999-03-07,2286.83,2339.21,2235.19,2337.11,0
1999-03-14,2357.32,2437.39,2353.74,2381.53,0
1999-03-21,2392.54,2480.63,2375.83,2421.27,0
1999-03-28,2428.39,2445.72,2305.64,2419.17,0
1999-04-04,2442.59,2520.63,2419.17,2493.37,0
1999-04-11,2523.98,2599.2,2511.39,2593.05,0
1999-04-18,2530.99,2632.51,2443.02,2484.04,0
1999-04-25,2501.71,2603.1,2329.87,2590.69,0
1999-05-02,2617.09,2677.76,2488.4,2542.85,0
1999-05-09,2546.33,2557.21,2430.65,2503.62,0
1999-05-16,2516.84,2632.74,2500.74,2527.86,0
1999-05-23,2517.26,2587.33,2494.51,2520.14,0
1999-05-30,2529.3,2529.3,2339.12,2470.52,0
1999-06-06,2467.51,2478.34,2364.59,2478.34,0
1999-06-13,2490.83,2534.48,2442.87,2447.88,0
1999-06-20,2453.23,2564.44,2397.12,2563.44,0
1999-06-27,2578.2,2642.36,2542.36,2552.65,0
1999-07-04,2568.47,2741.02,2554.95,2741.02,0
1999-07-11,2760.01,2793.26,2724.37,2793.07,0
1999-07-18,2805.08,2871.9,2755.84,2864.48,0
1999-07-25,2874.61,2874.92,2668.43,2692.4,0
1999-08-01,2656.3,2709.76,2619.08,2638.49,0
1999-08-08,2638.31,2670.81,2474.41,2547.97,0
1999-08-15,2562.05,2637.82,2442.22,2637.81,0
1999-08-22,2644.67,2683.15,2612.28,2648.33,0
1999-08-29,2670.7,2819.9,2670.7,2758.9,0
1999-09-05,2763.83,2843.11,2671.67,2843.11,0
1999-09-12,2840.12,2897.53,2806.6,2887.06,0
1999-09-19,2879.78,2888.83,2756.03,2869.62,0
1999-09-26,2877.53,2890.72,2684.7,2740.41,0
1999-10-03,2781.42,2794.16,2694.74,2736.85,0
1999-10-10,2751.54,2886.59,2747.69,2886.57,0
1999-10-17,2890.73,2923.32,2704.28,2731.83,0
1999-10-24,2726.3,2843.6,2632.01,2816.52,0
1999-10-31,2813.29,2978.63,2768.87,2966.43,0
1999-11-07,2970.93,3118.06,2967.63,3102.29,0
1999-11-14,3072.04,3222.99,3068.86,3221.15,0
1999-11-21,3230.26,3373.0,3214.58,3369.25,0
1999-11-28,3399.06,3469.35,3320.67,3447.81,0
1999-12-05,3458.13,3553.56,3321.57,3520.63,0
1999-12-12,3531.24,3647.55,3507.3,3620.24,0
1999-12-19,3624.67,3796.8,3503.7,3753.06,0
1999-12-26,3782.06,4001.63,3747.79,3969.44,0
2000-01-02,4001.9,4090.61,3902.35,4069.31,0
2000-01-09,4186.19,4192.19,3711.09,3882.62,0
2000-01-16,4002.23,4091.95,3834.53,4064.27,0
2000-01-23,4059.65,4238.0,4053.21,4235.4,0
2000-01-30,4290.38,4303.15,3856.23,3887.07,0
2000-02-06,3873.84,4294.84,3748.03,4244.14,0
2000-02-13,4274.03,4489.79,4244.15,4395.45,0
2000-02-20,4434.38,4564.45,4291.1,4411.74,0
2000-02-27,4432.83,4662.93,4291.01,4590.5,0
2000-03-05,4575.07,4914.79,4466.42,4914.79,0
2000-03-12,4935.65,5132.52,4722.14,5048.62,0
2000-03-19,4879.03,5027.73,4455.1,4798.13,0
2000-03-26,4812.14,5078.86,4467.53,4963.03,0
2000-04-02,4994.42,5022.23,4355.69,4572.83,0
2000-04-09,4494.89,4572.84,3649.11,4446.45,0
2000-04-16,4475.2,4475.2,3265.98,3321.29,0
2000-04-23,3232.94,3851.56,3227.04,3643.88,0
2000-04-30,3466.69,3873.85,3345.25,3860.66,0
2000-05-07,3930.18,3982.38,3592.79,3816.82,0
2000-05-14,3758.46,3765.22,3367.06,3529.06,0
2000-05-21,3533.21,3729.12,3381.73,3390.4,0
2000-05-28,3390.95,3390.95,3042.66,3205.11,0
2000-06-04,3286.54,3814.5,3286.54,3813.38,0
2000-06-11,3773.24,3893.67,3725.87,3874.84,0
2000-06-18,3892.05,3892.05,3695.35,3860.56,0
2000-06-25,3825.69,4073.73,3825.69,3845.34,0
2000-07-02,3884.65,3974.48,3838.85,3966.11,0
2000-07-09,3950.59,4054.05,3820.34,4023.2,0
2000-07-16,3993.62,4252.22,3936.75,4246.18,0
2000-07-23,4243.55,4289.06,4047.43,4094.45,0
2000-07-30,4109.65,4125.8,3642.28,3663.0,0
2000-08-06,3692.43,3846.98,3521.14,3787.36,0
2000-08-13,3819.38,3936.46,3686.86,3789.47,0
2000-08-20,3804.69,3980.26,3767.37,3930.34,0
2000-08-27,3966.23,4083.12,3902.11,4042.68,0
2000-09-03,4049.18,4259.87,4048.01,4234.33,0
2000-09-10,4205.94,4206.51,3977.47,3978.41,0
2000-09-17,3961.16,4008.46,3794.29,3835.23,0
2000-09-24,3838.63,3913.87,3614.66,3803.76,0
2000-10-01,3852.53,3868.11,3622.66,3672.82,0
2000-10-08,3714.48,3714.48,3314.91,3361.01,0
2000-10-15,3352.15,3383.4,3054.55,3316.77,0
2000-10-22,3315.48,3535.11,3026.11,3483.14,0
2000-10-29,3483.38,3526.71,3081.36,3278.36,0
2000-11-05,3243.88,3468.59,3149.24,3451.58,0
2000-11-12,3469.35,3480.01,3028.92,3028.99,0
2000-11-19,2956.09,3208.95,2859.39,3027.19,0
2000-11-26,2943.11,2949.5,2754.14,2904.38,0
2000-12-03,2979.93,2998.75,2523.04,2645.29,0
2000-12-10,2662.56,2929.95,2567.18,2917.43,0
2000-12-17,2936.6,3028.75,2596.03,2653.27,0
2000-12-24,2698.72,2726.2,2288.16,2517.02,0
2000-12-31,2518.29,2577.02,2436.19,2470.52,0
2001-01-07,2474.16,2644.8,2251.71,2407.65,0
2001-01-14,2388.72,2699.87,2299.65,2626.5,0
2001-01-21,2631.49,2841.25,2576.95,2770.38,0
2001-01-28,2759.1,2892.36,2686.65,2781.3,0
2001-02-04,2757.29,2872.47,2660.11,2660.5,0
2001-02-11,2639.65,2705.59,2455.87,2470.97,0
2001-02-18,2458.65,2593.09,2388.4,2425.38,0
2001-02-25,2439.57,2442.99,2156.29,2262.51,0
2001-03-04,2287.88,2309.73,2071.03,2117.63,0
2001-03-11,2142.75,2243.78,2041.78,2052.78,0
2001-03-18,2001.68,2030.73,1877.69,1890.91,0
2001-03-25,1901.45,1974.14,1794.21,1928.68,0
2001-04-01,1957.71,1979.75,1794.3,1840.26,0
2001-04-08,1835.22,1852.49,1619.58,1720.36,0
2001-04-15,1739.66,1961.57,1710.76,1961.43,0
2001-04-22,1934.7,2202.86,1869.34,2163.41,0
2001-04-29,2118.36,2118.77,2000.83,2075.68,0
2001-05-06,2113.11,2232.66,2088.61,2191.53,0
2001-05-13,2194.04,2215.37,2097.36,2107.43,0
2001-05-20,2105.36,2216.36,2052.41,2198.88,0
2001-05-27,2201.45,2328.05,2198.14,2251.03,0
2001-06-03,2239.92,2239.92,2077.98,2149.44,0
2001-06-10,2164.7,2264.58,2136.63,2215.1,0
2001-06-17,2205.41,2205.41,1992.39,2028.43,0
2001-06-24,2035.34,2077.43,1973.7,2034.84,0
2001-07-01,2054.34,2180.11,2017.34,2161.24,0
2001-07-08,2156.76,2181.05,2001.82,2004.16,0
2001-07-15,2010.97,2105.15,1934.67,2084.79,0
2001-07-22,2078.53,2091.68,2003.95,2029.37,0
2001-07-29,2043.84,2047.85,1939.28,2029.07,0
2001-08-05,2034.11,2102.53,2009.94,2066.33,0
2001-08-12,2047.86,2053.6,1915.99,1956.47,0
2001-08-19,1963.04,1998.59,1862.76,1867.01,0
2001-08-26,1866.29,1916.83,1817.7,1916.8,0
2001-09-02,1912.7,1933.94,1777.11,1805.43,0
2001-09-09,1802.29,1836.19,1676.42,1687.7,0
2001-09-16,1673.78,1702.12,1669.94,1695.38,0
2001-09-23,1613.83,1629.1,1387.06,1423.19,0
2001-09-30,1459.47,1528.33,1418.15,1498.8,0
2001-10-07,1491.45,1641.56,1458.41,1605.3,0
2001-10-14,1582.93,1707.42,1558.81,1703.4,0
2001-10-21,1684.04,1754.01,1628.24,1671.31,0
2001-10-28,1666.08,1792.87,1660.22,1768.96,0
2001-11-04,1763.42,1767.97,1646.3,1745.73,0
2001-11-11,1768.29,1888.39,1768.29,1828.48,0
2001-11-18,1826.25,1922.45,1782.48,1898.58,0
2001-11-25,1912.48,1934.7,1853.67,1903.2,0
2001-12-02,1914.53,1965.09,1887.97,1930.58,0
2001-12-09,1915.13,2065.69,1898.98,2021.26,0
2001-12-16,2007.67,2036.54,1934.6,1953.17,0
2001-12-23,1950.9,2010.91,1918.5,1945.83,0
2001-12-30,1946.84,2002.72,1942.07,1987.26,0
2002-01-06,1984.31,2077.89,1936.56,2059.38,0
2002-01-13,2075.24,2098.88,2018.68,2022.46,0
2002-01-20,2012.59,2018.42,1922.7,1930.34,0
2002-01-27,1946.87,1959.93,1879.24,1937.7,0
2002-02-03,1951.12,1959.05,1851.49,1911.24,0
2002-02-10,1907.58,1907.58,1772.15,1818.88,0
2002-02-17,1816.94,1877.74,1801.67,1805.2,0
2002-02-24,1790.94,1791.01,1696.55,1724.54,0
2002-03-03,1731.43,1802.89,1728.65,1802.74,0
2002-03-10,1799.68,1935.09,1789.72,1929.67,0
2002-03-17,1919.73,1946.23,1845.93,1868.3,0
2002-03-24,1882.73,1893.26,1825.99,1851.39,0
2002-03-31,1855.65,1863.05,1807.47,1845.35,0
2002-04-07,1834.59,1865.37,1769.95,1770.03,0
2002-04-14,1741.1,1795.62,1724.15,1756.19,0
2002-04-21,1761.95,1832.01,1740.61,1796.83,0
2002-04-28,1779.18,1779.18,1663.78,1663.89,0
2002-05-05,1668.52,1697.03,1605.97,1613.03,0
2002-05-12,1611.05,1696.35,1560.29,1600.85,0
2002-05-19,1611.26,1759.33,1602.6,1741.39,0
2002-05-26,1726.78,1726.89,1643.96,1661.49,0
2002-06-02,1670.35,1671.35,1607.3,1615.73,0
2002-06-09,1613.5,1621.5,1495.81,1535.48,0
2002-06-16,1536.98,1551.8,1445.44,1504.74,0
2002-06-23,1519.65,1567.99,1435.85,1440.96,0
2002-06-30,1429.56,1486.25,1375.53,1463.21,0
2002-07-07,1457.04,1459.84,1336.06,1448.36,0
2002-07-14,1439.85,1452.56,1323.59,1373.5,0
2002-07-21,1365.79,1426.28,1309.94,1319.15,0
2002-07-28,1309.84,1332.1,1192.42,1262.12,0
2002-08-04,1286.81,1354.48,1235.57,1247.92,0
2002-08-11,1243.38,1322.07,1205.68,1306.12,0
2002-08-18,1293.88,1368.69,1265.19,1361.01,0
2002-08-25,1362.29,1426.76,1359.14,1380.62,0
2002-09-01,1387.2,1396.4,1295.79,1314.85,0
2002-09-08,1302.67,1304.02,1251.0,1295.3,0
2002-09-15,1286.75,1347.27,1270.59,1291.4,0
2002-09-22,1286.85,1298.5,1216.19,1221.09,0
2002-09-29,1209.13,1239.62,1169.04,1199.16,0
2002-10-06,1187.48,1222.72,1135.27,1139.9,0
2002-10-13,1135.79,1220.12,1108.49,1210.47,0
2002-10-20,1198.5,1288.08,1193.42,1287.86,0
2002-10-27,1276.76,1331.33,1267.76,1331.13,0
2002-11-03,1345.72,1360.83,1279.19,1360.7,0
2002-11-10,1394.57,1420.03,1354.28,1359.28,0
2002-11-17,1355.1,1413.53,1319.07,1411.14,0
2002-11-24,1422.54,1475.35,1367.76,1468.74,0
2002-12-01,1470.64,1497.44,1441.12,1478.78,0
2002-12-08,1507.94,1521.44,1391.1,1422.44,0
2002-12-15,1411.4,1411.69,1362.42,1362.42,0
2002-12-22,1367.74,1408.16,1346.18,1363.1,0
2002-12-29,1359.92,1392.58,1346.65,1348.31,0
2003-01-05,1349.43,1389.44,1327.19,1387.08,0
2003-01-12,1390.19,1457.45,1390.09,1447.72,0
2003-01-19,1461.73,1467.35,1376.18,1376.19,0
2003-01-26,1380.43,1393.67,1340.22,1342.14,0
2003-02-02,1329.81,1363.31,1303.64,1320.91,0
2003-02-09,1324.74,1335.76,1278.54,1282.47,0
2003-02-16,1286.51,1315.04,1261.79,1310.17,0
2003-02-23,1319.99,1352.07,1316.04,1349.02,0
2003-03-02,1342.5,1343.09,1291.96,1337.52,0
2003-03-09,1344.21,1353.31,1280.72,1305.29,0
2003-03-16,1295.46,1352.84,1253.22,1340.33,0
2003-03-23,1329.95,1425.73,1326.28,1421.84,0
2003-03-30,1390.04,1400.14,1367.89,1369.6,0
2003-04-06,1351.61,1412.08,1336.61,1383.51,0
2003-04-13,1425.23,1430.11,1351.1,1358.85,0
2003-04-20,1361.35,1425.5,1359.32,1425.5,0
2003-04-27,1425.96,1468.08,1413.71,1434.54,0
2003-05-04,1437.86,1504.22,1436.35,1502.88,0
2003-05-11,1508.31,1531.82,1486.91,1520.15,0
2003-05-18,1518.52,1552.98,1512.72,1538.53,0
2003-05-25,1530.38,1536.04,1478.15,1510.09,0
2003-06-01,1504.87,1599.92,1504.22,1595.91,0
2003-06-08,1612.1,1684.06,1584.7,1627.42,0
2003-06-15,1623.0,1661.12,1597.32,1626.49,0
2003-06-22,1633.8,1686.1,1629.59,1644.72,0
2003-06-29,1642.33,1653.74,1598.25,1625.26,0
2003-07-06,1634.86,1683.77,1598.92,1663.46,0
2003-07-13,1685.41,1758.18,1685.41,1733.93,0
2003-07-20,1757.43,1776.1,1688.82,1708.5,0
2003-07-27,1706.15,1740.8,1675.18,1730.7,0
2003-08-03,1734.68,1757.37,1713.21,1715.62,0
2003-08-10,1714.84,1723.27,1640.88,1644.03,0
2003-08-17,1646.95,1705.33,1646.59,1702.01,0
2003-08-24,1707.17,1812.49,1706.93,1765.32,0
2003-08-31,1763.78,1813.82,1737.15,1810.45,0
2003-09-07,1817.92,1879.7,1804.3,1858.24,0
2003-09-14,1863.88,1888.65,1819.42,1855.03,0
2003-09-21,1857.12,1913.74,1843.79,1905.7,0
2003-09-28,1881.42,1904.13,1792.06,1792.07,0
2003-10-05,1801.55,1891.62,1783.46,1880.57,0
2003-10-12,1884.64,1936.93,1876.0,1915.31,0
2003-10-19,1924.06,1966.87,1910.24,1912.36,0
2003-10-26,1913.79,1944.34,1841.62,1865.59,0
2003-11-02,1876.03,1957.53,1873.62,1932.21,0
2003-11-09,1941.31,1992.27,1938.22,1970.74,0
2003-11-16,1972.1,1977.79,1923.5,1930.26,0
2003-11-23,1919.01,1926.0,1878.07,1893.88,0
2003-11-30,1907.29,1963.06,1907.29,1960.26,0
2003-12-07,1972.97,2000.92,1935.58,1937.82,0
2003-12-14,1937.48,1956.97,1887.46,1949.0,0
2003-12-21,1978.77,1979.78,1901.66,1951.02,0
2003-12-28,1946.19,1979.74,1941.62,1973.14,0
2004-01-04,1976.93,2022.37,1976.93,2006.68,0
2004-01-11,2020.78,2113.33,2020.78,2086.92,0
2004-01-18,2093.54,2140.47,2080.29,2140.46,0
2004-01-25,2149.03,2152.12,2108.45,2123.87,0
2004-02-01,2120.56,2153.83,2041.07,2066.15,0
2004-02-08,2072.13,2085.49,2012.79,2064.01,0
2004-02-15,2069.29,2091.22,2049.76,2053.56,0
2004-02-22,2068.42,2094.92,2022.79,2037.93,0
2004-02-29,2044.41,2045.1,1991.05,2029.82,0
2004-03-07,2036.92,2069.02,2020.29,2047.63,0
2004-03-14,2052.07,2058.25,1943.89,1984.73,0
2004-03-21,1977.78,1980.31,1927.69,1940.47,0
2004-03-28,1929.02,1976.76,1896.91,1960.02,0
2004-04-04,1975.43,2057.17,1975.43,2057.17,0
2004-04-11,2055.99,2079.12,2038.74,2052.88,0
2004-04-18,2057.64,2073.42,1982.14,1995.74,0
2004-04-25,1995.37,2051.75,1973.25,2049.77,0
2004-05-02,2052.25,2059.08,1919.39,1920.15,0
2004-05-09,1928.72,1969.97,1917.96,1917.96,0
2004-05-16,1904.73,1937.87,1878.77,1904.25,0
2004-05-23,1881.06,1936.04,1865.4,1912.09,0
2004-05-30,1924.87,1991.87,1913.73,1986.74,0
2004-06-06,1978.52,1998.32,1960.26,1978.62,0
2004-06-13,1991.67,2023.54,1988.89,1999.87,0
2004-06-20,1987.75,2006.58,1963.48,1986.73,0
2004-06-27,1990.82,2033.87,1964.53,2025.47,0
2004-07-04,2038.98,2055.65,1996.61,2006.66,0
2004-07-11,1994.7,1995.4,1934.57,1946.33,0
2004-07-18,1936.17,1945.17,1882.93,1883.15,0
2004-07-25,1889.06,1933.03,1846.55,1849.09,0
2004-08-01,1852.42,1896.31,1829.06,1887.36,0
2004-08-08,1874.93,1893.13,1775.57,1776.89,0
2004-08-15,1782.35,1808.7,1750.82,1757.22,0
2004-08-22,1759.58,1843.12,1759.58,1838.02,0
2004-08-29,1843.79,1866.25,1828.51,1862.09,0
2004-09-05,1855.78,1876.24,1819.62,1844.48,0
2004-09-12,1856.0,1895.78,1847.48,1894.31,0
2004-09-19,1900.17,1919.21,1892.08,1910.09,0
2004-09-26,1903.02,1925.85,1879.48,1879.48,0
2004-10-03,1871.16,1942.23,1852.59,1942.2,0
2004-10-10,1954.59,1971.04,1917.72,1919.97,0
2004-10-17,1924.41,1948.01,1899.33,1911.5,0
2004-10-24,1909.78,1957.48,1904.5,1915.14,0
2004-10-31,1911.08,1984.18,1905.49,1974.99,0
2004-11-07,1975.48,2046.92,1969.32,2038.94,0
2004-11-14,2038.22,2085.34,2032.37,2085.34,0
2004-11-21,2082.59,2112.18,2070.63,2070.63,0
2004-11-28,2066.34,2110.38,2052.8,2101.97,0
2004-12-05,2110.91,2164.63,2090.35,2147.96,0
2004-12-12,2145.43,2161.3,2097.86,2128.07,0
2004-12-19,2141.2,2171.27,2132.19,2135.2,0
2004-12-26,2142.21,2168.78,2124.22,2160.62,0
2005-01-02,2168.82,2185.56,2147.59,2175.44,0
2005-01-09,2184.75,2191.6,2076.69,2088.61,0
2005-01-16,2087.62,2111.43,2066.79,2087.91,0
2005-01-23,2081.86,2106.19,2032.88,2034.27,0
2005-01-30,2040.13,2055.13,2008.68,2035.83,0
2005-02-06,2053.47,2086.72,2049.25,2086.66,0
2005-02-13,2086.55,2095.64,2039.72,2076.66,0
2005-02-20,2076.75,2103.45,2056.2,2058.62,0
2005-02-27,2046.18,2065.4,2023.0,2065.4,0
2005-03-06,2058.28,2084.15,2038.77,2070.61,0
2005-03-13,2073.9,2100.57,2036.41,2041.6,0
2005-03-20,2043.64,2059.07,1999.98,2007.79,0
2005-03-27,2008.16,2017.66,1985.22,1991.06,0
2005-04-03,1998.76,2014.73,1968.58,1984.81,0
2005-04-10,1983.81,2021.82,1972.07,1999.35,0
2005-04-17,2004.16,2007.24,1906.71,1908.15,0
2005-04-24,1906.43,1962.41,1904.27,1932.19,0
2005-05-01,1942.02,1958.58,1889.83,1921.65,0
2005-05-08,1923.23,1973.5,1916.03,1967.35,0
2005-05-15,1967.74,1990.0,1943.89,1976.78,0
2005-05-22,1976.38,2046.42,1973.67,2046.42,0
2005-05-29,2045.69,2076.8,2041.95,2075.73,0
2005-06-05,2073.92,2097.8,2065.02,2071.43,0
2005-06-12,2072.36,2095.96,2052.96,2063.0,0
2005-06-19,2059.96,2098.53,2053.39,2090.11,0
2005-06-26,2081.05,2106.57,2050.76,2053.27,0
2005-07-03,2050.3,2076.16,2039.69,2057.37,0
2005-07-10,2052.1,2113.91,2050.3,2112.88,0
2005-07-17,2115.98,2164.18,2115.57,2156.78,0
2005-07-24,2151.84,2193.19,2144.78,2179.74,0
2005-07-31,2179.04,2201.39,2165.93,2184.83,0
2005-08-07,2191.49,2219.91,2175.91,2177.91,0
2005-08-14,2182.99,2185.91,2144.6,2156.9,0
2005-08-21,2153.71,2173.66,2133.08,2135.56,0
2005-08-28,2140.95,2156.13,2118.04,2120.77,0
2005-09-04,2112.44,2157.32,2112.25,2141.07,0
2005-09-11,2147.31,2177.23,2147.31,2175.51,0
2005-09-18,2176.47,2186.83,2142.73,2160.35,0
2005-09-25,2157.37,2162.14,2093.06,2116.84,0
2005-10-02,2127.9,2151.69,2107.7,2151.69,0
2005-10-09,2152.7,2167.0,2069.04,2090.35,0
2005-10-16,2091.68,2093.23,2025.58,2064.83,0
2005-10-23,2065.54,2096.43,2042.03,2082.21,0
2005-10-30,2089.51,2121.36,2063.81,2089.88,0
2005-11-06,2094.37,2172.68,2094.37,2169.43,0
2005-11-13,2174.25,2205.36,2162.65,2202.47,0
2005-11-20,2203.79,2234.3,2176.54,2227.07,0
2005-11-27,2226.62,2269.3,2219.25,2263.01,0
2005-12-04,2263.55,2273.61,2230.19,2273.37,0
2005-12-11,2269.07,2278.16,2233.74,2256.73,0
2005-12-18,2263.97,2271.85,2247.32,2252.48,0
2005-12-25,2254.64,2256.03,2213.52,2249.42,0
2006-01-01,2253.05,2259.68,2200.51,2205.32,0
2006-01-08,2216.53,2306.72,2189.91,2305.62,0
2006-01-15,2306.18,2332.92,2303.13,2317.04,0
2006-01-22,2302.56,2311.71,2245.2,2247.7,0
2006-01-29,2255.31,2314.36,2241.02,2304.23,0
2006-02-05,2306.24,2313.98,2255.99,2262.58,0
2006-02-12,2263.12,2284.52,2235.41,2261.88,0
2006-02-19,2252.04,2294.63,2232.68,2282.36,0
2006-02-26,2283.52,2293.74,2256.75,2287.04,0
2006-03-05,2291.48,2324.92,2276.74,2302.6,0
2006-03-12,2306.66,2309.51,2239.54,2262.04,0
2006-03-19,2269.44,2323.79,2263.68,2306.48,0
2006-03-26,2311.93,2332.95,2282.38,2312.82,0
2006-04-02,2312.47,2353.14,2299.56,2339.79,0
2006-04-09,2352.24,2375.45,2332.67,2339.02,0
2006-04-16,2340.39,2343.59,2302.19,2326.11,0
2006-04-23,2325.56,2375.54,2299.42,2342.86,0
2006-04-30,2338.78,2361.89,2315.12,2322.57,0
2006-05-07,2329.79,2344.37,2295.03,2342.57,0
2006-05-14,2342.41,2352.56,2243.32,2243.78,0
2006-05-21,2234.01,2245.18,2164.54,2193.88,0
2006-05-28,2178.15,2210.49,2135.81,2210.37,0
2006-06-04,2202.57,2233.88,2164.74,2219.41,0
2006-06-11,2212.35,2219.41,2100.43,2135.06,0
2006-06-18,2137.47,2147.91,2065.11,2129.95,3590464523
2006-06-25,2136.6,2152.56,2103.77,2121.47,6356132033
2006-07-02,2126.46,2183.48,2090.78,2172.09,7589173242
2006-07-09,2177.91,2190.44,2126.64,2130.06,4263156577
2006-07-16,2135.96,2142.36,2027.11,2037.35,6692935710
2006-07-23,2034.76,2086.07,2012.78,2020.39,7417980432
2006-07-30,2030.49,2094.95,2030.49,2094.14,7273284780
2006-08-06,2087.86,2119.01,2052.75,2085.05,4771034307
2006-08-13,2079.45,2097.76,2048.22,2057.71,4268147760
2006-08-20,2073.01,2168.11,2067.69,2163.95,4451567695
2006-08-27,2151.91,2162.68,2122.65,2140.29,3293763118
2006-09-03,2140.52,2198.58,2139.57,2193.16,3792914835
2006-09-10,2192.94,2207.55,2149.36,2165.79,3375103268
2006-09-17,2152.12,2247.16,2147.44,2235.59,4919615958
2006-09-24,2232.99,2261.47,2202.93,2218.93,4707923724
2006-10-01,2227.37,2273.3,2212.02,2258.43,4782896153
2006-10-08,2257.0,2306.35,2224.21,2299.99,4735785882
2006-10-15,2297.82,2360.23,2292.29,2357.29,4697555996
2006-10-22,2359.19,2368.11,2324.43,2342.3,4886120636
2006-10-29,2338.15,2379.29,2330.61,2350.62,4951895799
2006-11-05,2347.21,2375.53,2316.82,2330.79,4148403572
2006-11-12,2341.66,2401.33,2341.66,2389.72,4527891818
2006-11-19,2389.52,2453.35,2387.88,2445.86,4116682253
2006-11-26,2441.16,2468.42,2437.84,2460.26,2531258354
2006-12-03,2454.17,2454.64,2390.1,2413.21,4440083575
2006-12-10,2420.92,2459.51,2416.77,2437.36,4403685835
2006-12-17,2437.36,2470.02,2419.32,2457.2,4506805247
2006-12-24,2462.43,2470.95,2400.72,2401.18,3952547132
2006-12-31,2398.22,2437.38,2397.68,2415.29,2287927146
2007-01-07,2429.72,2460.51,2394.66,2434.25,3033704665
2007-01-14,2435.25,2502.82,2421.13,2502.82,4785162123
2007-01-21,2504.56,2508.93,2435.68,2451.31,3884840780
2007-01-28,2454.5,2470.51,2418.61,2435.49,4458886641
2007-02-04,2434.64,2481.38,2431.31,2475.88,4261841132
2007-02-11,2475.03,2496.52,2453.44,2459.82,4436527921
2007-02-18,2460.63,2498.37,2444.68,2496.31,4073079697
2007-02-25,2491.75,2531.42,2479.92,2515.1,3491003043
2007-03-04,2525.04,2525.98,2359.44,2368.0,5739059910
2007-03-11,2368.0,2404.8,2340.4,2387.55,4594793822
2007-03-18,2385.14,2404.02,2331.57,2372.66,4729482676
2007-03-25,2384.66,2459.96,2381.55,2448.93,4269071744
2007-04-01,2451.6,2455.63,2396.83,2421.64,4326625703
2007-04-08,2425.36,2471.34,2409.04,2471.34,3154661044
2007-04-15,2478.02,2491.94,2448.71,2491.94,4215693228
2007-04-22,2500.55,2532.24,2490.34,2526.39,4629236092
2007-04-29,2525.77,2562.99,2509.26,2557.21,5169144634
2007-05-06,2558.05,2577.96,2510.57,2572.15,5047298987
2007-05-13,2572.64,2580.06,2533.12,2562.22,4436617941
2007-05-20,2564.05,2568.93,2519.35,2558.45,4600323481
2007-05-27,2560.93,2600.94,2531.28,2557.19,4332557129
2007-06-03,2561.04,2626.4,2551.68,2613.92,3651813094
2007-06-10,2606.05,2619.75,2534.97,2573.54,4590650733
2007-06-17,2569.64,2630.51,2547.99,2626.71,4745662279
2007-06-24,2631.34,2634.6,2583.24,2588.96,5072417059
2007-07-01,2590.59,2626.56,2560.45,2603.23,4756661974
2007-07-08,2617.39,2667.97,2614.84,2666.51,2806349004
2007-07-15,2668.99,2707.64,2631.89,2707.0,4430712281
2007-07-22,2703.4,2724.74,2674.26,2687.6,4846994329
2007-07-29,2698.49,2705.03,2561.56,2561.56,5869792520
2007-08-05,2568.14,2607.45,2511.12,2511.25,5868674320
2007-08-12,2524.87,2627.75,2491.96,2544.89,7338077595
2007-08-19,2566.6,2572.51,2386.69,2505.03,5809760018
2007-08-26,2511.07,2576.69,2487.44,2576.69,3797468463
2007-09-02,2570.41,2603.11,2500.55,2596.36,3425872625
2007-09-09,2596.38,2644.45,2556.59,2565.7,3223465081
2007-09-16,2581.78,2612.7,2536.93,2602.18,3708149082
2007-09-23,2594.04,2683.02,2575.36,2671.22,4465162788
2007-09-30,2676.42,2716.75,2656.33,2701.5,4067786090
2007-10-07,2704.25,2784.93,2704.25,2780.32,3936773427
2007-10-14,2777.72,2834.0,2757.76,2805.68,4236135240
2007-10-21,2809.17,2811.66,2725.16,2725.16,4567360086
2007-10-28,2705.86,2810.31,2698.14,2804.19,5146980585
2007-11-04,2815.16,2861.51,2773.82,2810.38,4875538531
2007-11-11,2782.8,2825.47,2624.43,2627.94,5557813493
2007-11-18,2619.41,2698.35,2583.0,2637.24,5360541512
2007-11-25,2622.44,2633.82,2542.7,2596.6,3258944642
2007-12-02,2599.82,2696.24,2539.81,2660.96,4825065579
2007-12-09,2654.91,2711.96,2613.83,2706.16,4204654102
2007-12-16,2710.73,2734.82,2634.75,2635.74,4501717249
2007-12-23,2623.23,2691.99,2553.99,2691.99,4683399458
2007-12-30,2694.35,2727.55,2661.79,2674.46,2033147592
2008-01-06,2663.78,2668.61,2502.68,2504.65,3549801618
2008-01-13,2514.15,2527.42,2407.39,2439.94,5781214339
2008-01-20,2470.87,2483.13,2323.29,2340.02,6186953685
2008-01-27,2221.2,2408.22,2202.54,2326.2,5662087573
2008-02-03,2324.85,2419.23,2306.64,2413.36,5631601992
2008-02-10,2413.42,2413.42,2252.65,2304.85,5291311923
2008-02-17,2310.75,2376.22,2294.42,2321.8,4656196254
2008-02-24,2348.98,2353.79,2265.36,2303.35,3736301817
2008-03-02,2303.41,2363.52,2264.97,2271.48,4864260480
2008-03-09,2271.26,2290.01,2186.93,2212.49,4928184920
2008-03-16,2211.14,2282.61,2168.67,2212.49,4936486737
2008-03-23,2166.94,2280.9,2155.42,2258.11,4577702405
2008-03-30,2268.2,2346.78,2256.87,2261.18,4298930368
2008-04-06,2265.15,2391.93,2260.59,2370.98,4094353284
2008-04-13,2386.62,2390.04,2286.19,2290.24,3822491277
2008-04-20,2287.02,2412.78,2266.29,2402.97,3969144984
2008-04-27,2393.07,2447.28,2361.67,2422.93,4124541373
2008-05-04,2422.63,2499.14,2406.37,2476.99,4245671183
2008-05-11,2475.31,2496.65,2429.03,2445.52,4233940913
2008-05-18,2454.65,2537.41,2446.36,2528.85,4127584378
2008-05-25,2530.82,2551.47,2430.36,2444.67,4041569810
2008-06-01,2450.52,2530.16,2448.58,2522.66,3212915449
2008-06-08,2514.82,2549.94,2460.56,2474.56,4351095882
2008-06-15,2483.22,2485.0,2388.49,2454.5,4365576657
2008-06-22,2443.13,2483.19,2394.26,2406.09,4421582023
2008-06-29,2416.55,2421.25,2290.59,2315.63,5282218209
2008-07-06,2312.42,2325.49,2227.8,2245.38,3460895200
2008-07-13,2263.69,2296.03,2203.25,2239.08,4761428507
2008-07-20,2262.86,2320.77,2167.29,2282.78,4991054971
2008-07-27,2290.75,2350.09,2252.84,2310.53,4636824445
2008-08-03,2307.19,2353.39,2258.62,2310.96,4215455948
2008-08-10,2309.75,2416.4,2280.93,2414.1,4106295326
2008-08-17,2407.55,2473.2,2402.53,2452.52,3729029433
2008-08-24,2456.96,2456.96,2360.39,2414.71,2967343060
2008-08-31,2399.73,2412.84,2345.79,2367.52,2812685039
2008-09-07,2402.11,2413.11,2216.99,2255.88,3223454016
2008-09-14,2296.18,2303.89,2191.53,2261.27,4359070857
2008-09-21,2202.28,2318.43,2070.22,2273.9,6758349176
2008-09-28,2265.77,2266.45,2136.85,2183.34,3530131898
2008-10-05,2147.16,2152.69,1947.19,1947.39,4323901850
2008-10-12,1898.63,1905.01,1542.45,1649.51,6781501893
2008-10-19,1734.6,1896.95,1565.72,1711.29,6327532228
2008-10-26,1735.13,1770.05,1493.79,1552.03,4799527621
2008-11-02,1528.12,1742.54,1503.81,1720.95,4925509794
2008-11-09,1718.89,1785.84,1603.87,1647.4,3790682903
2008-11-16,1680.67,1680.67,1428.54,1516.85,4145903439
2008-11-23,1494.74,1526.96,1295.48,1384.35,5032013214
2008-11-30,1410.14,1535.57,1397.19,1535.57,3001218275
2008-12-07,1496.09,1510.39,1398.07,1509.31,4191756086
2008-12-14,1541.44,1602.92,1478.03,1540.72,3922791856
2008-12-21,1544.16,1598.33,1491.36,1564.32,4319615857
2008-12-28,1562.17,1563.79,1503.66,1530.24,1482854946
2009-01-04,1529.54,1636.03,1493.45,1632.21,1969432997
2009-01-11,1621.48,1665.63,1569.87,1571.59,3546663041
2009-01-18,1573.45,1573.46,1456.72,1529.33,3961743540
2009-01-25,1520.76,1521.85,1434.08,1477.29,3355908005
2009-02-01,1479.98,1568.33,1470.81,1476.42,3719888503
2009-02-08,1460.85,1594.26,1460.51,1591.71,4138543463
2009-02-15,1590.74,1598.5,1495.34,1534.36,3978349252
2009-02-22,1489.12,1492.82,1416.96,1441.23,3334100080
2009-03-01,1452.58,1453.66,1372.42,1377.84,4256676974
2009-03-08,1356.13,1372.0,1268.54,1293.85,4307135345
2009-03-15,1284.84,1433.98,1265.52,1431.5,3830486867
2009-03-22,1445.27,1509.06,1402.48,1457.27,4095599394
2009-03-29,1491.26,1587.0,1482.15,1545.2,3683250230
2009-04-05,1516.79,1623.34,1484.98,1621.87,3654198713
2009-04-12,1602.24,1652.54,1559.46,1652.54,2510794873
2009-04-19,1641.61,1682.24,1599.11,1673.07,3503663930
2009-04-26,1641.35,1702.87,1598.93,1694.29,4141597486
2009-05-03,1672.87,1753.61,1661.4,1719.2,3653862048
2009-05-10,1733.71,1773.13,1702.54,1739.0,4225999521
2009-05-17,1713.65,1747.97,1664.19,1680.14,3514025191
2009-05-24,1696.82,1767.47,1677.77,1692.01,3102970819
2009-05-31,1677.72,1774.33,1677.54,1774.33,2956286396
2009-06-07,1796.09,1865.95,1792.8,1849.42,3756570109
2009-06-14,1836.87,1879.92,1818.59,1858.8,3090270726
2009-06-21,1837.94,1838.33,1785.34,1827.47,3700540540
2009-06-28,1809.53,1840.98,1753.78,1838.22,4412514318
2009-07-05,1842.09,1861.62,1795.95,1796.52,2379326900
2009-07-12,1783.5,1793.42,1727.05,1756.03,3058845624
2009-07-19,1761.03,1887.89,1736.95,1886.61,3279193028
2009-07-26,1896.99,1979.34,1890.0,1965.96,3458190637
2009-08-02,1964.62,2009.81,1946.95,1978.5,3280249681
2009-08-09,1998.35,2015.59,1967.68,2000.25,3275850150
2009-08-16,1991.44,2015.26,1962.08,1985.52,2843956013
2009-08-23,1949.23,2021.86,1929.64,2020.9,2948726194
2009-08-30,2026.11,2059.48,1993.03,2028.77,2948599641
2009-09-06,2011.14,2034.78,1958.04,2018.78,3099481598
2009-09-13,2034.74,2088.93,2023.03,2080.9,2612380577
2009-09-20,2066.15,2140.6,2065.8,2132.86,3831310569
2009-09-27,2121.34,2167.7,2085.35,2090.92,3494035817
2009-10-04,2101.92,2141.4,2040.73,2048.11,3407088731
2009-10-11,2056.52,2139.65,2049.04,2139.28,3203841530
2009-10-18,2145.63,2173.95,2128.39,2156.8,3167795238
2009-10-25,2162.41,2190.64,2130.7,2154.47,3471939016
2009-11-01,2158.81,2183.61,2040.21,2045.11,3888531870
2009-11-08,2047.42,2117.62,2024.27,2112.44,3336907745
2009-11-15,2128.46,2179.19,2128.15,2167.88,3020585031
2009-11-22,2177.31,2205.32,2137.06,2146.04,3084067079
2009-11-29,2168.95,2189.5,2113.99,2138.44,1840551055
2009-12-06,2135.93,2214.39,2120.7,2194.35,3214939712
2009-12-13,2191.35,2202.84,2155.96,2190.31,2675302391
2009-12-20,2202.31,2220.46,2178.05,2211.69,3431289619
2009-12-27,2224.04,2285.89,2224.04,2285.69,1538862176
2010-01-03,2290.04,2295.8,2269.11,2269.15,1360449254
2010-01-10,2294.41,2317.6,2285.22,2317.17,2981058046
2010-01-17,2324.78,2326.28,2272.7,2287.99,3228875100
2010-01-24,2291.02,2320.4,2200.37,2205.29,2819394713
2010-01-31,2220.29,2227.89,2140.34,2147.35,3745940604
2010-02-07,2155.81,2194.53,2100.17,2141.12,3663630104
2010-02-14,2140.1,2184.57,2125.11,2183.53,3154070596
2010-02-21,2200.38,2249.8,2189.18,2243.87,2284621952
2010-02-28,2250.92,2251.68,2198.73,2238.26,3081817684
2010-03-07,2247.4,2327.03,2247.33,2326.35,3294934385
2010-03-14,2326.25,2376.28,2325.74,2367.66,3050883822
2010-03-21,2361.92,2400.09,2345.99,2374.41,3319745180
2010-03-28,2360.35,2432.25,2358.0,2395.13,3025470189
2010-04-04,2403.77,2423.43,2383.77,2402.58,2329539716
2010-04-11,2409.48,2454.12,2403.88,2454.05,2815661458
2010-04-18,2455.4,2517.82,2445.26,2481.26,3400889051
2010-04-25,2477.8,2530.15,2451.72,2530.15,3182240225
2010-05-02,2529.85,2535.28,2456.63,2461.19,3675993728
2010-05-09,2472.32,2503.0,2185.75,2265.64,4541998391
2010-05-16,2365.97,2434.29,2323.63,2346.85,3321090927
2010-05-23,2352.77,2374.91,2165.79,2229.04,3993372664
2010-05-30,2220.6,2278.37,2140.53,2257.04,3699503440
2010-06-06,2244.79,2307.47,2212.3,2219.17,2466046178
2010-06-13,2226.6,2243.6,2139.46,2243.6,3048146198
2010-06-20,2263.66,2321.99,2242.0,2309.8,2831517367
2010-06-27,2341.11,2341.11,2205.92,2223.48,3861428780
2010-07-04,2227.43,2241.64,2061.14,2091.79,3191131982
2010-07-11,2122.28,2196.95,2077.77,2196.45,2296030688
2010-07-18,2194.12,2260.33,2177.51,2179.05,3026726517
2010-07-25,2185.81,2269.47,2159.95,2269.47,2966856090
2010-08-01,2271.62,2307.6,2218.61,2254.7,2979195491
2010-08-08,2283.32,2305.07,2253.92,2288.47,2567986842
2010-08-15,2298.81,2309.43,2163.07,2173.48,2714101494
2010-08-22,2161.31,2228.9,2155.66,2179.76,2600604412
2010-08-29,2188.34,2200.52,2099.29,2153.63,2657424559
2010-09-05,2145.76,2235.57,2101.52,2233.75,2545158902
2010-09-12,2227.26,2251.98,2206.62,2242.48,1950135184
2010-09-19,2263.8,2320.37,2263.69,2315.61,3078104006
2010-09-26,2322.8,2381.22,2316.11,2381.22,2770385104
2010-10-03,2379.73,2400.06,2339.5,2370.75,2848229959
2010-10-10,2362.25,2406.67,2332.46,2401.91,2619552440
2010-10-17,2403.46,2468.77,2379.39,2468.77,2692235965
2010-10-24,2470.12,2482.14,2422.14,2479.39,2568746938
2010-10-31,2491.62,2517.5,2470.12,2507.41,2579625511
2010-11-07,2520.45,2582.18,2491.46,2578.98,2765006884
2010-11-14,2570.86,2592.94,2506.4,2518.21,2733371170
2010-11-21,2529.02,2534.56,2459.79,2518.12,2711480016
2010-11-28,2509.39,2545.41,2483.16,2534.56,1613792198
2010-12-05,2522.24,2593.68,2488.61,2591.46,2785208216
2010-12-12,2591.28,2639.41,2584.09,2637.54,2287531764
2010-12-19,2645.35,2651.35,2613.15,2642.97,2931888640
2010-12-26,2651.98,2675.26,2634.56,2665.6,1472529095
2011-01-02,2657.09,2673.02,2645.38,2652.87,1086777378
2011-01-09,2676.65,2715.96,2663.64,2703.17,2322072532
2011-01-16,2691.47,2755.3,2682.25,2755.3,2198951517
2011-01-23,2744.8,2766.17,2686.59,2689.54,2079502590
2011-01-30,2693.03,2763.64,2679.57,2686.89,2417518373
2011-02-06,2693.3,2769.7,2676.87,2769.3,2449881339
2011-02-13,2773.26,2810.56,2762.34,2809.44,2382890447
2011-02-20,2810.19,2840.51,2798.83,2833.95,2549966207
2011-02-27,2795.44,2808.18,2705.54,2781.05,2171706429
2011-03-06,2791.28,2802.32,2730.72,2784.67,2641629126
2011-03-13,2793.19,2794.82,2689.41,2715.61,2680976315
2011-03-20,2695.66,2715.22,2603.5,2643.67,3253416255
2011-03-27,2675.47,2762.55,2660.17,2743.06,2306337069
2011-04-03,2752.33,2802.63,2720.19,2789.6,2382980679
2011-04-10,2796.26,2815.55,2772.4,2780.41,2295095588
2011-04-17,2789.49,2792.95,2733.68,2764.65,2417809209
2011-04-24,2731.22,2820.77,2706.5,2820.16,1929416124
2011-05-01,2820.28,2876.83,2813.2,2873.54,2985629503
2011-05-08,2881.28,2887.75,2804.82,2827.56,2926726760
2011-05-15,2828.24,2874.61,2819.37,2828.47,2753716282
2011-05-22,2815.9,2828.41,2759.29,2803.32,2712461252
2011-05-29,2761.96,2801.15,2739.85,2796.86,2491421390
2011-06-05,2824.25,2835.34,2730.63,2732.78,2704744322
2011-06-12,2728.31,2736.66,2641.64,2643.73,2670599137
2011-06-19,2649.3,2685.65,2599.86,2616.48,3063521323
2011-06-26,2608.05,2693.23,2607.74,2652.89,3404663980
2011-07-03,2653.07,2818.19,2647.55,2816.03,2411591659
2011-07-10,2817.87,2878.94,2810.0,2859.81,1757801714
2011-07-17,2828.1,2841.12,2755.9,2789.8,2541233786
2011-07-24,2777.61,2862.72,2743.79,2858.83,2384660741
2011-07-31,2832.11,2859.4,2724.99,2756.38,2613012734
2011-08-07,2791.45,2796.24,2464.87,2532.41,3764241979
2011-08-14,2447.3,2524.09,2331.65,2507.98,4592369423
2011-08-21,2522.04,2555.2,2338.66,2341.84,2921211189
2011-08-28,2396.88,2486.04,2337.28,2479.85,2577625718
2011-09-04,2510.99,2611.58,2469.35,2480.33,2475014518
2011-09-11,2417.61,2568.45,2414.31,2467.99,2103254988
2011-09-18,2442.86,2627.28,2438.4,2622.31,3165820604
2011-09-25,2584.35,2643.37,2420.23,2483.23,2936506971
2011-10-02,2496.98,2590.94,2415.07,2415.4,2815640573
2011-10-09,2401.19,2512.14,2298.89,2479.35,3335067837
2011-10-16,2522.72,2667.85,2519.78,2667.85,2198580775
2011-10-23,2653.32,2667.57,2557.17,2637.46,2609145163
2011-10-30,2644.83,2753.37,2598.74,2737.15,2683789542
2011-11-06,2705.89,2716.7,2597.16,2686.15,2676307026
2011-11-13,2683.38,2730.39,2601.79,2678.75,2387661542
2011-11-20,2671.11,2695.87,2567.15,2572.5,2325434707
2011-11-27,2535.34,2539.87,2441.48,2441.51,1595835317
2011-12-04,2509.63,2659.23,2507.72,2626.93,2548330380
2011-12-11,2666.47,2674.53,2592.55,2646.85,2151673586
2011-12-18,2617.32,2639.74,2525.88,2555.33,2792146754
2011-12-25,2564.07,2618.84,2518.01,2618.64,1950096646
2012-01-01,2613.51,2633.34,2586.85,2605.15,1007898294
2012-01-08,2657.39,2682.12,2627.23,2674.22,1677269833
2012-01-15,2682.98,2726.43,2662.96,2710.67,2145790861
2012-01-22,2736.34,2793.35,2721.03,2786.7,1921328740
2012-01-29,2786.21,2834.3,2766.34,2816.55,2188431950
2012-02-05,2790.4,2908.13,2782.44,2905.66,2372935038
2012-02-12,2892.52,2930.68,2885.17,2903.88,2268230689
2012-02-19,2926.21,2962.78,2911.33,2951.78,2364152442
2012-02-26,2957.3,2970.88,2922.96,2963.75,1695787524
2012-03-04,2945.87,3000.11,2933.3,2976.19,2441983882
2012-03-11,2969.73,2993.98,2900.28,2988.34,2162593462
2012-03-18,2989.05,3060.82,2973.65,3055.26,2427601861
2012-03-25,3057.24,3090.08,3044.67,3067.92,1932141410
2012-04-01,3090.52,3134.17,3069.81,3091.57,2228534543
2012-04-08,3085.94,3128.25,3052.58,3080.5,1881868599
2012-04-15,3037.28,3059.26,2987.0,3011.33,2060107992
2012-04-22,3027.57,3058.72,2975.87,3000.45,2294274443
2012-04-29,2969.0,3076.44,2946.04,3069.2,2245690629
2012-05-06,3060.06,3085.4,2956.34,2956.34,2298668901
2012-05-13,2940.41,2970.2,2900.06,2933.82,2381028563
2012-05-20,2907.78,2930.68,2774.45,2778.79,2448657164
2012-05-27,2782.55,2867.34,2774.76,2837.53,2249571985
2012-06-03,2853.27,2882.83,2747.24,2747.48,2146712468
2012-06-10,2747.61,2873.59,2726.68,2858.42,2121083512
2012-06-17,2882.49,2882.96,2802.38,2872.8,2437056404
2012-06-24,2872.49,2942.28,2853.86,2892.42,2822601947
2012-07-01,2863.89,2935.13,2818.19,2935.05,2249875635
2012-07-08,2938.41,2987.94,2921.37,2937.33,1456323897
2012-07-15,2934.49,2953.47,2837.72,2908.47,2037704977
2012-07-22,2903.03,2976.22,2871.65,2925.3,2203955618
2012-07-29,2877.51,2961.87,2839.76,2958.09,2321783371
2012-08-05,2959.07,2977.41,2890.85,2967.9,2216986641
2012-08-12,2978.16,3028.61,2974.23,3020.86,1978818274
2012-08-19,3018.27,3076.72,2999.12,3076.59,1911530610
2012-08-26,3072.66,3100.54,3042.22,3069.79,1724771398
2012-09-02,3083.62,3087.24,3040.59,3066.96,1595840441
2012-09-09,3063.25,3139.61,3040.24,3136.42,1610497223
2012-09-16,3131.34,3195.67,3098.82,3183.95,1952431894
2012-09-23,3183.4,3196.93,3156.46,3179.96,2427266219
2012-09-30,3155.35,3176.3,3080.28,3116.23,2074381167
2012-10-07,3130.31,3171.46,3101.64,3136.19,1834643671
2012-10-14,3121.33,3125.49,3039.58,3044.11,1755157220
2012-10-21,3053.21,3112.45,3000.27,3005.62,2151993405
2012-10-28,3005.92,3012.95,2961.16,2987.95,2059542003
2012-11-04,2986.85,3033.85,2964.94,2982.13,1319667101
2012-11-11,2983.03,3024.44,2889.81,2904.87,2076329270
2012-11-18,2916.38,2920.01,2810.8,2853.13,2198757450
2012-11-25,2886.0,2967.19,2884.75,2966.85,1223138133
2012-12-02,2961.02,3017.18,2935.88,3010.24,2221632663
2012-12-09,3029.21,3030.28,2958.26,2978.04,1859712873
2012-12-16,2973.19,3035.19,2963.8,2971.33,1884955202
2012-12-23,2975.5,3061.82,2973.54,3021.01,2690913170
2012-12-30,3013.89,3018.65,2951.04,2960.31,915437042
2013-01-06,2955.45,3118.18,2953.52,3101.66,1602285184
2013-01-13,3089.17,3127.72,3076.6,3125.64,1770677345
2013-01-20,3113.65,3144.05,3093.32,3134.71,1974699658
2013-01-27,3135.63,3161.06,3121.54,3149.71,1576226449
2013-02-03,3152.17,3183.14,3133.11,3179.1,2236347984
2013-02-10,3161.72,3196.89,3130.57,3193.87,2079299750
2013-02-17,3192.53,3206.21,3182.19,3192.03,2029958548
2013-02-24,3197.46,3213.6,3118.62,3161.82,1668211952
2013-03-03,3180.59,3186.25,3105.36,3169.74,2254831585
2013-03-10,3159.46,3248.7,3154.79,3244.37,1914478981
2013-03-17,3237.74,3260.62,3229.92,3249.07,2291422173
2013-03-24,3215.71,3257.99,3205.42,3245.0,1787882811
2013-03-31,3255.85,3270.3,3222.48,3267.52,1426399183
2013-04-07,3268.63,3270.23,3168.88,3203.86,1929456773
2013-04-14,3207.15,3306.95,3195.57,3294.95,1931921642
2013-04-21,3277.58,3283.4,3154.96,3206.06,2317322877
2013-04-28,3217.4,3301.28,3198.74,3279.26,2159222642
2013-05-05,3290.31,3388.12,3289.42,3378.63,2133094840
2013-05-12,3382.33,3436.6,3381.04,3436.58,1852225427
2013-05-19,3429.53,3499.2,3426.67,3498.97,2071869197
2013-05-26,3490.46,3532.04,3422.51,3459.14,2091443712
2013-06-02,3497.9,3514.8,3450.4,3455.91,1759343186
2013-06-09,3460.76,3482.75,3378.24,3469.22,2272048328
2013-06-16,3475.68,3484.81,3387.61,3423.56,1773620056
2013-06-23,3449.97,3488.31,3326.86,3357.25,2694462900
2013-06-30,3326.38,3422.2,3294.95,3403.25,2819768245
2013-07-07,3430.48,3479.46,3415.23,3479.38,1333906453
2013-07-14,3493.81,3600.08,3475.39,3600.08,1962443948
2013-07-21,3601.09,3624.54,3578.57,3587.61,1899224732
2013-07-28,3599.87,3613.33,3573.53,3613.16,2022271071
2013-08-04,3604.29,3689.59,3592.8,3689.59,1510419736
2013-08-11,3682.669,3694.188,3633.592,3660.108,1744832393
2013-08-18,3645.782,3691.056,3598.654,3602.778,1835868168
2013-08-25,3601.881,3660.656,3589.024,3657.792,1564846401
2013-09-01,3661.805,3684.218,3573.568,3589.868,1675548649
2013-09-08,3622.638,3677.072,3593.619,3660.01,1567804106
2013-09-15,3675.118,3731.836,3675.118,3722.184,1796126584
2013-09-22,3754.997,3798.76,3712.466,3774.728,2453348589
2013-09-29,3786.844,3795.716,3745.536,3781.594,1990199457
2013-10-06,3737.604,3819.275,3734.737,3807.754,2108958834
2013-10-13,3776.642,3800.078,3650.027,3791.873,2211822649
2013-10-20,3767.488,3914.932,3766.282,3914.278,2220327557
2013-10-27,3922.652,3961.098,3887.665,3943.361,2268915758
2013-11-03,3942.562,3966.71,3904.195,3922.042,2498564119
2013-11-10,3932.604,3955.971,3855.069,3919.233,2364977639
2013-11-17,3913.642,3985.968,3899.313,3985.968,2197104468
2013-11-24,3990.061,3994.969,3911.608,3991.649,2054245701
2013-12-01,4004.371,4069.7,3987.158,4059.886,1460955321
2013-12-08,4065.657,4069.864,4004.764,4062.521,2175020351
2013-12-15,4073.746,4081.784,3992.288,4000.975,2143807428
2013-12-22,4019.368,4111.926,3979.594,4104.741,3102096757
2013-12-29,4136.145,4175.363,4127.72,4156.594,1178194159
2014-01-05,4153.581,4177.728,4124.962,4131.906,1469320795
2014-01-12,4137.034,4182.742,4103.749,4174.665,2588902908
2014-01-19,4167.414,4219.276,4097.988,4197.582,2590565056
2014-01-26,4222.983,4246.553,4128.173,4128.173,2142362319
2014-02-02,4132.222,4136.461,4044.763,4103.877,2756408181
2014-02-09,4105.059,4126.509,3968.189,4125.861,2773118671
2014-02-16,4125.121,4250.914,4122.612,4244.025,2433854141
2014-02-23,4253.708,4284.854,4226.749,4263.41,2074840371
2014-03-02,4273.324,4342.593,4272.11,4308.119,2655392774
2014-03-09,4261.419,4371.706,4239.646,4336.223,2678193185
2014-03-16,4332.623,4354.432,4241.937,4245.396,2650723576
2014-03-23,4274.215,4344.391,4268.341,4276.788,3008430707
2014-03-30,4289.486,4289.486,4131.814,4155.759,2725207720
2014-04-06,4185.625,4286.085,4118.714,4127.726,2735576252
2014-04-13,4110.921,4185.187,3991.635,3999.734,2871313135
2014-04-20,4038.06,4110.462,3946.028,4095.516,2067504482
2014-04-27,4105.365,4177.156,4068.103,4075.561,2354967559
2014-05-04,4091.813,4149.562,4014.169,4123.897,2594330004
2014-05-11,4099.25,4138.344,4021.05,4071.869,2611659763
2014-05-18,4092.844,4155.127,4035.963,4090.588,2384390960
2014-05-25,4080.327,4186.578,4075.702,4185.808,2100967470
2014-06-01,4206.435,4252.083,4204.717,4242.618,1348301816
2014-06-08,4247.956,4322.506,4207.611,4321.399,2099573341
2014-06-15,4324.346,4346.739,4284.528,4310.653,2148461759
2014-06-22,4303.932,4372.181,4296.262,4368.037,2792330442
2014-06-29,4368.955,4399.871,4339.411,4397.93,2815746650
2014-07-06,4398.366,4485.925,4396.586,4485.925,1666631323
2014-07-13,4477.743,4478.021,4351.04,4415.49,2155161514
2014-07-20,4441.391,4451.925,4352.235,4432.146,2315266977
2014-07-27,4421.202,4485.499,4404.505,4449.563,2107165034
2014-08-03,4451.12,4476.061,4324.015,4352.639,2452829050
2014-08-10,4365.621,4395.383,4321.886,4370.898,2239834105
2014-08-17,4387.376,4482.468,4371.838,4464.927,1947786677
2014-08-24,4490.531,4547.244,4486.435,4538.551,1804412376
2014-08-31,4563.721,4580.271,4546.62,4580.271,1688244469
2014-09-07,4592.422,4610.142,4542.742,4582.9,1716522734
2014-09-14,4579.063,4600.397,4544.436,4567.599,2143095794
2014-09-21,4567.446,4610.57,4499.868,4579.789,3006846707
2014-09-28,4568.454,4568.869,4466.64,4512.194,2263862754
2014-10-05,4465.838,4522.059,4367.74,4475.624,2554007946
2014-10-12,4492.395,4496.256,4276.237,4276.237,2836101341
2014-10-19,4274.905,4303.816,4116.599,4258.438,3436869209
2014-10-26,4254.157,4486.259,4248.218,4483.715,2405670558
2014-11-02,4469.017,4641.513,4450.294,4630.741,2639773041
2014-11-09,4633.708,4654.185,4594.915,4632.532,2458906252
2014-11-16,4635.099,4703.105,4626.489,4688.539,2221447860
2014-11-23,4678.435,4751.603,4653.325,4712.97,2240000171
2014-11-30,4725.166,4810.861,4723.62,4791.63,1556034308
2014-12-07,4777.727,4788.979,4724.623,4780.755,2290275584
2014-12-14,4769.762,4793.239,4653.596,4653.596,2401588444
2014-12-21,4679.673,4782.131,4547.306,4765.38,3570884980
2014-12-28,4759.043,4814.954,4757.805,4806.859,1316400543
2015-01-04,4801.261,4813.717,4698.112,4726.812,1418723814
2015-01-11,4700.341,4744.711,4567.595,4704.066,2491343134
2015-01-18,4714.072,4751.337,4563.107,4634.384,2659474436
2015-01-25,4655.839,4771.184,4601.101,4757.879,1867310384
2015-02-01,4752.356,4774.181,4601.764,4635.24,2633158806
2015-02-08,4650.604,4787.185,4580.46,4744.398,2624938486
2015-02-15,4723.725,4893.836,4719.611,4893.836,2222861994
2015-02-22,4889.985,4957.017,4880.641,4955.966,1697268226
2015-03-01,4953.099,4989.249,4939.56,4963.527,2228285333
2015-03-08,4973.434,5008.567,4918.625,4927.37,2262808424
2015-03-15,4936.077,4950.466,4842.798,4871.758,2214579824
2015-03-22,4897.272,5042.137,4889.091,5026.418,2764407820
2015-03-29,5020.604,5032.478,4825.93,4891.219,2213880349
2015-04-05,4921.78,4948.458,4844.392,4886.937,1770326961
2015-04-12,4855.935,4996.084,4852.91,4995.978,1978477800
2015-04-19,5001.555,5024.25,4912.325,4931.814,2049269135
2015-04-26,4958.072,5100.371,4952.675,5092.085,2069688877
2015-05-03,5104.365,5119.828,4921.555,5005.391,2478886596
2015-05-10,5018.346,5043.621,4888.171,5003.548,2311912708
2015-05-17,5003.259,5062.654,4931.604,5048.292,2035160090
2015-05-24,5040.92,5103.841,5037.543,5089.362,1949792211
2015-05-31,5076.907,5111.537,5016.735,5070.025,1813347705
2015-06-07,5094.941,5114.605,5025.524,5068.458,2100477916
2015-06-14,5066.647,5101.394,4974.615,5051.102,1184097851
2015-06-21,5011.792,5143.316,4985.938,5117.001,2625927414
2015-06-28,5147.868,5164.363,5060.821,5080.505,2808335048
2015-07-05,5021.207,5051.008,4956.228,5009.214,1809513136
2015-07-12,4963.795,5020.708,4901.511,4997.696,2228509880
2015-07-19,5037.271,5210.163,5036.677,5210.143,1980798633
2015-07-26,5223.179,5231.942,5084.511,5088.629,2147308752
2015-08-02,5055.924,5155.016,5025.607,5128.281,2321816418
2015-08-09,5134.341,5175.264,5006.149,5043.544,2260223444
2015-08-16,5081.722,5112.472,4945.791,5048.235,2080805278
2015-08-23,5032.339,5092.692,4706.039,4706.039,2300961999
2015-08-30,4351.611,4836.784,4292.144,4828.325,3317156607
2015-09-06,4798.682,4824.612,4614.907,4683.918,2366945261
2015-09-13,4769.715,4862.879,4746.521,4822.341,1746965393
2015-09-20,4831.977,4960.868,4791.082,4827.228,2900792574
2015-09-27,4851.982,4881.458,4659.476,4686.496,2279627187
2015-10-04,4665.061,4707.775,4487.061,4707.775,2742491022
2015-10-11,4742.133,4841.378,4711.789,4830.47,2331015634
2015-10-18,4839.789,4886.955,4771.625,4886.688,2047137932
2015-10-25,4873.538,5048.554,4836.46,5031.864,2214535877
2015-11-01,5030.804,5095.69,5009.071,5053.748,2304211780
2015-11-08,5065.637,5163.47,5061.47,5147.12,2269640074
2015-11-15,5128.937,5133.437,4925.346,4927.883,2075796056
2015-11-22,4916.14,5112.458,4908.662,5104.919,2104980188
2015-11-29,5106.718,5134.349,5050.139,5127.525,1336764950
2015-12-06,5139.583,5176.772,5011.721,5142.271,2457199673
2015-12-13,5139.458,5139.781,4928.668,4933.465,2160043466
2015-12-20,4932.614,5088.575,4871.587,4923.082,3340314455
2015-12-27,4957.533,5063.276,4928.927,5048.492,1266903654
2016-01-03,5032.286,5116.99,4999.066,5007.411,1250038841
2016-01-10,4897.653,4926.733,4637.847,4643.631,2630256675
2016-01-17,4673.441,4714.798,4419.406,4488.417,2930193046
2016-01-24,4548.051,4591.18,4313.385,4591.18,2380507270
2016-01-31,4574.595,4613.953,4447.5,4613.953,2758189172
2016-02-07,4587.592,4636.928,4350.375,4363.144,2749244556
2016-02-14,4288.023,4369.62,4209.759,4337.512,3009154563
2016-02-21,4397.948,4548.472,4376.521,4504.429,2091242883
2016-02-28,4548.306,4618.848,4425.716,4590.473,2098983124
2016-03-06,4585.301,4746.649,4557.457,4717.021,2481503624
2016-03-13,4690.884,4748.792,4607.987,4748.466,2219015759
2016-03-20,4733.386,4804.578,4712.074,4795.647,2759324402
2016-03-27,4787.307,4835.599,4734.769,4773.505,1532790388
2016-04-03,4785.254,4917.087,4749.781,4914.542,2074819140
2016-04-10,4911.215,4921.51,4831.494,4850.689,2039732563
2016-04-17,4873.391,4961.3,4808.907,4938.216,1980424587
2016-04-24,4919.362,4969.32,4872.025,4906.228,2050608060
2016-05-01,4891.48,4915.002,4740.842,4775.358,2309465633
2016-05-08,4786.547,4821.573,4684.285,4736.155,2240159807
2016-05-15,4736.35,4812.193,4708.262,4717.676,2069082882
2016-05-22,4728.861,4791.253,4678.38,4769.558,2227472873
2016-05-29,4771.573,4933.505,4763.914,4933.505,1958399566
2016-06-05,4938.478,4971.363,4909.206,4942.517,1903294155
2016-06-12,4950.461,4980.137,4880.609,4894.548,1907850468
2016-06-19,4868.505,4894.85,4778.776,4800.338,2625516168
2016-06-26,4856.689,4910.041,4698.423,4707.979,3099825377
2016-07-03,4664.431,4880.172,4574.254,4862.567,2510387570
2016-07-10,4837.063,4958.997,4786.009,4956.757,1629011333
2016-07-17,4976.544,5045.175,4976.544,5029.588,1922113200
2016-07-24,5034.989,5103.519,5028.244,5100.162,1812083228
2016-07-31,5096.991,5175.811,5082.659,5162.131,2266620970
2016-08-07,5167.421,5227.226,5109.803,5221.121,2146124043
2016-08-14,5223.537,5238.538,5193.795,5232.895,1792608271
2016-08-21,5242.184,5271.357,5197.225,5238.378,1883797066
2016-08-28,5231.461,5275.741,5191.858,5218.917,1778540860
2016-09-04,5223.797,5263.387,5189.357,5249.899,1912721143
2016-09-11,5259.995,5287.61,5125.908,5125.908,1801406425
2016-09-18,5098.028,5254.776,5097.796,5244.567,2893134985
2016-09-25,5263.554,5342.875,5222.914,5305.747,2048323439
2016-10-02,5275.734,5325.88,5251.32,5312.002,2159874185
2016-10-09,5300.287,5330.806,5266.804,5292.405,1995141121
2016-10-16,5318.46,5340.522,5169.758,5214.161,1825493918
2016-10-23,5213.694,5264.269,5196.03,5257.402,1776962138
2016-10-30,5290.314,5311.501,5178.756,5190.104,1934325466
2016-11-06,5205.087,5206.705,5034.406,5046.37,2284908780
2016-11-13,5128.994,5302.684,5122.774,5237.114,2782891270
2016-11-20,5246.334,5346.802,5192.045,5321.513,2437047692
2016-11-27,5336.784,5398.92,5334.158,5398.92,1427643975
2016-12-04,5387.918,5403.861,5238.207,5255.652,2369761335
2016-12-11,5283.584,5450.163,5269.572,5444.498,2289069044
2016-12-18,5428.218,5486.749,5394.418,5437.162,3063466935
2016-12-25,5441.199,5489.467,5432.768,5462.689,1761023990
2017-01-01,5470.761,5512.368,5371.887,5383.117,1249348404
2017-01-08,5425.621,5536.521,5397.99,5521.055,1712510477
2017-01-15,5527.575,5584.262,5496.816,5574.116,2052766876
2017-01-22,5555.157,5574.353,5527.219,5555.334,1639014652
2017-01-29,5546.636,5669.611,5522.693,5660.782,2048231664
2017-02-05,5635.857,5666.842,5576.087,5666.766,2306339093
2017-02-12,5656.953,5743.43,5649.387,5734.127,2144145776
2017-02-19,5753.188,5838.578,5748.736,5838.578,2228489860
2017-02-26,5850.201,5867.886,5800.551,5845.306,1740281647
2017-03-05,5835.038,5911.794,5817.217,5870.753,2469830604
2017-03-12,5846.417,5872.604,5812.077,5861.725,2154564408
2017-03-19,5863.477,5912.609,5831.879,5900.996,3022627612
2017-03-26,5898.808,5928.061,5781.805,5828.738,2249766076
2017-04-02,5776.334,5927.809,5769.39,5911.738,2170061521
2017-04-09,5917.315,5936.391,5855.512,5877.812,2316920612
2017-04-16,5883.434,5907.85,5805.15,5805.15,1631447785
2017-04-23,5821.546,5926.23,5818.198,5910.522,2025796522
2017-04-30,5979.956,6074.04,5970.252,6047.606,2328327154
2017-05-07,6067.556,6102.72,6053.279,6100.758,2339286276
2017-05-14,6100.658,6132.998,6075.676,6121.232,2273491391
2017-05-21,6128.11,6170.158,5996.815,6083.703,2506134848
2017-05-28,6098.253,6217.342,6097.243,6210.194,2020969527
2017-06-04,6204.178,6308.762,6164.066,6305.796,2056254447
2017-06-11,6305.468,6341.696,6137.676,6207.918,2415904649
2017-06-18,6153.557,6237.532,6107.846,6151.758,3330807494
2017-06-25,6196.85,6269.371,6186.94,6265.25,3354748104
2017-07-02,6292.733,6303.445,6087.81,6140.42,2437040273
2017-07-09,6173.289,6177.359,6081.961,6153.079,1647136903
2017-07-16,6156.028,6321.763,6141.828,6312.465,2048796870
2017-07-23,6320.348,6398.261,6291.067,6387.754,2063067278
2017-07-30,6387.819,6460.841,6318.617,6374.677,2333727167
2017-08-06,6394.686,6396.594,6313.425,6351.564,2322785976
2017-08-13,6361.058,6423.345,6214.406,6256.555,2237369840
2017-08-20,6306.108,6374.564,6193.381,6216.527,2079766303
2017-08-27,6216.321,6308.722,6177.186,6265.643,1800135963
2017-09-03,6286.008,6449.649,6228.732,6435.331,1974942447
2017-09-10,6414.824,6426.514,6334.589,6360.192,1699402478
2017-09-17,6411.18,6464.265,6410.71,6448.467,2907910328
2017-09-24,6460.1,6477.767,6400.815,6426.922,2135366846
2017-10-01,6403.107,6497.977,6343.962,6495.959,2318147489
2017-10-08,6506.08,6590.18,6484.138,6590.18,2154437622
2017-10-15,6579.731,6616.579,6561.782,6605.801,2084244080
2017-10-22,6622.553,6632.503,6558.526,6605.067,1564591841
2017-10-29,6641.573,6708.134,6550.028,6701.263,2396639936
2017-11-05,6693.768,6765.138,6677.152,6764.435,2534508393
2017-11-12,6786.436,6795.519,6687.282,6750.939,2547699809
2017-11-19,6727.394,6806.674,6667.309,6782.791,2353257135
2017-11-26,6789.284,6890.022,6779.485,6889.16,1513471703
2017-12-03,6889.906,6914.189,6793.949,6847.586,2786632568
2017-12-10,6897.135,6899.226,6734.128,6840.081,2479270466
2017-12-17,6847.639,6945.824,6844.878,6936.583,3315847421
2017-12-24,6980.399,7003.891,6935.416,6959.96,2306376293
2017-12-31,6928.924,6954.983,6903.389,6903.389,1354326817
2018-01-07,6937.654,7137.042,6924.081,7136.558,1916405849
2018-01-14,7135.376,7265.262,7111.523,7261.062,2367648023
2018-01-21,7307.187,7336.38,7205.932,7336.38,2070579540
2018-01-28,7338.039,7505.772,7332.806,7505.772,2444441301
2018-02-04,7484.473,7500.606,7238.184,7240.946,2760924583
2018-02-11,7165.959,7277.356,6630.672,6874.491,3596710354
2018-02-18,6936.678,7303.261,6879.692,7239.465,2591956019
2018-02-25,7209.034,7338.635,7194.839,7337.39,1876440416
2018-03-04,7373.297,7438.088,7084.826,7257.866,2738835102
2018-03-11,7222.888,7560.81,7205.314,7560.81,2694773249
2018-03-18,7581.041,7637.269,7463.185,7481.988,3388656468
2018-03-25,7419.198,7421.23,6992.666,6992.666,2674978400
2018-04-01,7125.198,7255.544,6901.066,7063.445,2416644652
2018-04-08,7016.173,7112.376,6805.96,6915.111,2754105959
2018-04-15,6971.445,7183.624,6944.959,7106.65,2290946049
2018-04-22,7153.872,7319.576,7115.847,7146.126,2250904874
2018-04-29,7173.991,7197.155,6926.975,7119.799,2349037363
2018-05-06,7133.946,7228.263,6991.137,7209.617,2494768740
2018-05-13,7241.822,7417.673,7224.701,7402.883,2463695925
2018-05-20,7429.451,7458.419,7320.967,7354.339,2358225438
2018-05-27,7406.335,7452.847,7334.615,7433.854,2138077357
2018-06-03,7398.511,7557.383,7354.292,7554.332,2215033791
2018-06-10,7570.083,7697.412,7561.202,7645.511,2484265952
2018-06-17,7647.235,7768.602,7642.867,7746.378,3229273512
2018-06-24,7692.959,7806.596,7635.733,7692.817,3828090883
2018-07-01,7631.119,7639.733,7419.56,7510.304,2775888786
2018-07-08,7451.897,7695.813,7443.103,7688.387,1648597168
2018-07-15,7731.745,7843.525,7696.581,7825.976,2160131201
2018-07-22,7831.739,7867.149,7749.605,7820.198,2172594215
2018-07-29,7806.934,7933.306,7698.957,7737.419,2373164888
2018-08-05,7735.272,7824.062,7604.238,7812.015,2570049652
2018-08-12,7809.539,7923.35,7801.876,7839.11,2419973921
2018-08-19,7848.003,7888.664,7732.694,7816.33,2370589550
2018-08-26,7834.374,7949.706,7787.899,7945.975,2088219607
2018-09-02,7989.644,8133.298,7976.603,8109.537,2322428048
2018-09-09,8087.955,8104.071,7873.926,7902.541,2162145204
2018-09-16,7939.573,8040.826,7880.925,8010.044,2523788975
2018-09-23,7992.21,8057.259,7890.073,7986.955,3731132046
2018-09-30,7939.384,8071.557,7912.471,8046.353,2735973513
2018-10-07,8091.497,8107.379,7715.971,7788.447,3186037642
2018-10-14,7747.098,7799.746,7274.036,7496.894,3287217860
2018-10-21,7473.327,7670.495,7400.068,7449.026,2892591113
2018-10-28,7486.739,7520.535,7056.999,7167.212,3335074557
2018-11-04,7272.421,7466.526,6922.828,7356.994,3527519393
2018-11-11,7344.084,7572.927,7255.882,7406.902,2970327932
2018-11-18,7364.047,7371.088,7072.356,7247.873,3165960430
2018-11-25,7217.241,7224.123,6830.761,6938.984,2051287363
2018-12-02,7026.498,7332.792,7003.116,7330.536,2984903341
2018-12-09,7486.129,7486.513,6945.273,6969.252,2755196846
2018-12-16,6959.63,7197.293,6878.985,6910.665,2813196762
2018-12-23,6886.458,6931.806,6304.626,6332.995,4751938805
2018-12-30,6278.49,6684.18,6190.166,6584.522,2220822753
2019-01-06,6649.515,6760.689,6457.131,6738.857,2519099685
2019-01-13,6757.535,6991.373,6741.396,6971.476,2831678290
2019-01-20,6908.03,7185.384,6887.477,7157.228,2649469867
2019-01-27,7109.572,7174.556,6953.232,7164.864,2347773638
2019-02-03,7075.009,7303.121,7011.466,7263.868,3101384828
2019-02-10,7266.277,7410.775,7225.137,7298.198,2665395947
2019-02-17,7327.372,7477.276,7290.031,7472.41,2635057212
2019-02-24,7450.75,7527.545,7430.886,7527.545,2181939225
2019-03-03,7585.3,7603.035,7485.394,7595.353,3126824231
2019-03-10,7636.618,7643.656,7332.917,7408.142,2899205070
2019-03-17,7442.562,7714.96,7442.397,7688.527,3737874783
2019-03-24,7696.382,7850.105,7642.574,7642.667,3069668741
2019-03-31,7618.983,7738.168,7579.294,7729.321,2722600612
2019-04-07,7800.236,7940.454,7777.095,7938.692,2714497872
2019-04-14,7924.887,7992.088,7891.851,7984.164,2428266604
2019-04-21,7987.159,8052.395,7933.565,7998.061,2075636832
2019-04-28,7969.372,8151.845,7965.904,8146.398,2504895136
2019-05-05,8147.647,8176.08,7976.767,8163.996,2671139784
2019-05-12,7981.85,8135.544,7759.336,7916.94,2901849607
2019-05-19,7720.074,7946.23,7627.225,7816.285,2790155024
2019-05-26,7714.06,7804.439,7585.316,7637.009,2538417425
2019-06-02,7655.663,7693.737,7448.227,7453.148,2410112678
2019-06-09,7441.215,7767.016,7292.215,7742.101,2874503937
2019-06-16,7798.87,7909.994,7773.974,7796.659,2464754210
2019-06-23,7819.432,8088.88,7812.609,8031.707,3338147056
2019-06-30,8040.578,8047.56,7879.155,8006.244,3897168797
2019-07-07,8145.853,8171.974,8059.29,8161.791,1905688180
2019-07-14,8112.909,8245.661,8061.321,8244.144,2472473844
2019-07-21,8263.184,8264.78,8135.123,8146.489,2425324707
2019-07-28,8171.989,8339.639,8171.541,8330.211,2559694542
2019-08-04,8325.096,8325.282,7953.671,8004.073,3068668304
2019-08-11,7823.333,8041.119,7662.904,7959.14,3106588272
2019-08-18,7907.488,8065.242,7716.553,7895.994,2861738124
2019-08-25,8006.184,8048.581,7730.77,7751.766,2436908659
2019-09-01,7829.576,8017.91,7766.668,7962.882,2301301986
2019-09-08,7906.437,8134.416,7847.32,8103.074,2043712502
2019-09-15,8130.91,8243.797,8001.685,8176.713,2832271808
2019-09-22,8121.639,8237.429,8086.159,8117.674,3509906347
2019-09-29,8106.49,8158.835,7890.276,7939.627,2614910042
2019-10-06,7964.092,8062.501,7700.002,7982.461,2643123543
2019-10-13,7956.407,8115.797,7823.732,8057.039,2348577482
2019-10-20,8044.348,8183.637,8036.413,8089.543,2347078616
2019-10-27,8137.421,8249.97,8078.35,8243.119,2348594737
2019-11-03,8285.77,8386.75,8241.7,8386.4004,5757241738
2019-11-10,8445.5,8483.1602,8379.3301,8475.3096,11167410000
2019-11-17,8431.2598,8540.8301,8425.4805,8540.8301,10171370000
2019-11-24,8529.1602,8589.7598,8468.6299,8519.8799,10651590000
2019-12-01,8559.6504,8705.9102,8559.6504,8665.4697,116344220000
2019-12-08,8672.8398,8672.8398,8435.4004,8656.5303,10862130000
2019-12-15,8650.8604,8768.8701,8600.8203,8734.8799,10656750000
2019-12-22,8791.3096,8931.9102,8789.7695,8924.96,13689690000
2019-12-29,8950.2002,9052.0,8934.3604,9006.6201,6507090000
2020-01-05,9004.4502,9093.4297,8909.1904,9020.7695,9640990000
2020-01-12,8943.5,9235.2002,8943.5,9178.8604,12518750000
2020-01-19,9213.7197,9393.4805,9193.0596,9388.9404,12332160000
2020-01-26,9361.0703,9451.4297,9273.2305,9314.9102,10205690000
2020-02-02,9092.46,9329.1201,9088.04,9150.9404,11983980000
2020-02-09,9190.7197,9575.6602,9188.5498,9520.5098,11834370000
2020-02-16,9493.6299,9748.3203,9493.6299,9731.1797,11419490000
2020-02-23,9679.04,9838.3701,9542.3301,9576.5898,10214610000
2020-03-01,9188.4404,9322.8799,8264.1602,8567.3701,16020150000
2020-03-08,8667.1396,9070.3203,8375.1299,8575.6201,20183440000
2020-03-15,7957.9302,8347.4004,7194.6699,7874.8799,22988590000
2020-03-22,7392.73,7422.2002,6686.3599,6879.52,24387290000
2020-03-29,6847.2798,7809.8301,6631.4199,7502.3799,21391290000
2020-04-05,7583.46,7880.3101,7288.1099,7373.0801,18479400000
2020-04-12,7660.1699,8227.9102,7617.79,8153.5801,15497180000
2020-04-19,8127.6899,8670.2998,8035.9502,8650.1396,18544320000
2020-04-26,8553.3799,8684.9102,8215.6904,8634.5195,17986190000
2020-05-03,8717.9805,8957.2695,8566.8398,8604.9502,19803440000
2020-05-10,8555.3203,9125.9805,8537.8301,9121.3203,18494950000
2020-05-17,9054.9102,9250.96,8705.25,9014.5596,20624450000
2020-05-24,9177.1504,9405.25,9154.3496,9324.5898,20123330000
2020-05-31,9501.21,9523.6396,9144.2803,9489.8701,13382550000
2020-06-07,9471.4199,9845.6904,9462.3203,9814.0801,21447945238
2020-06-14,9823.4404,10086.8896,9413.6201,9588.8096,26190570000
2020-06-21,9426.898,10053.91,9403.004,9946.123,13098168093
2020-06-28,9945.4902,10221.8496,9749.0703,9757.2197,27718740000
2020-07-05,9771.7197,10310.3604,9663.6104,10207.6299,17393620000
2020-07-12,10360.3799,10622.3496,10337.9805,10617.4404,20345500000
2020-07-19,10729.9199,10824.7803,10182.46,10503.1904,22423640000
2020-07-26,10526.0195,10839.9297,10217.3096,10363.1797,22334910000
2020-08-02,10421.7002,10747.7998,10397.8701,10745.2695,20603620000
2020-08-09,10848.6396,11126.04,10831.1504,11010.9805,20583730000
2020-08-16,11033.7305,11124.8496,10762.71,11019.2998,18974810000
2020-08-23,11083.25,11326.2148,11080.2998,11311.8008,17266018331
2020-08-30,11449.2998,11730.0146,11297.5332,11695.6338,16286486438
2020-09-06,11718.7998,12074.0645,10875.8721,11313.1348,18302389792
2020-09-13,10900.7002,11299.5303,10728.0322,10853.5449,10893913233
2020-09-20,11010.0996,11245.4199,10639.9502,10793.2822,14964445475
2020-09-27,10610.0996,10979.6504,10519.4932,10913.562,9697230465
2020-10-04,11084.384,11344.131,11019.138,11075.016,4275018387
2020-10-11,11169.105,11581.234,11124.446,11579.944,3997499167
2020-10-18,11732.325,11965.54,11559.102,11671.555,3660162835
2020-10-25,11732.337,11778.107,11369.291,11548.282,6322826868
2020-11-01,11440.64,11545.629,10822.57,10911.591,6887102036
2020-11-08,11010.4502,11924.28,10830.9502,11895.23,6481809402
2020-11-15,12046.66,12108.065,11424.608,11829.286,4873870027
2020-11-22,11847.109,11950.183,11760.982,11854.97,4953121375
2020-11-29,11916.759,12236.231,11796.527,12205.846,3883888947
2020-12-06,12224.249,12464.232,12027.164,12464.232,5949994203
2020-12-13,12460.996,12607.143,12214.739,12377.872,4749878747
2020-12-20,12447.439,12809.6,12432.707,12755.638,6709539572
2020-12-27,12596.144,12841.921,12525.219,12804.734,4038278804
2021-01-03,12914.64,12973.33,12821.23,12888.28,3816308032
2021-01-10,12958.52,13208.09,12543.24,13201.97,6519539200
2021-01-17,13048.78,13220.16,12949.76,12998.5,6232598016
2021-01-24,13132.73,13567.14,13078.7,13543.06,4983721856
2021-01-31,13681.21,13728.98,12985.05,13070.7,8811270912
2021-02-07,13226.18,13878.16,13132.47,13856.3,6720015872
2021-02-14,13937.06,14109.12,13845.47,14095.47,8267236992
2021-02-21,14152.21,14175.12,13714.35,13874.46,5387943040
2021-02-28,13714.98,13756.86,13003.98,13192.34,6986617856
2021-03-07,13406.71,13601.33,12397.05,12920.15,6447091328
2021-03-14,12904.26,13433.62,12599.23,13319.87,6044780928
2021-03-21,13322.54,13620.64,13039.45,13215.24,7520921088
2021-03-28,13280.2,13455.63,12786.81,13138.72,5766202112
2021-04-04,13102.82,13486.95,12922.77,13480.11,4175590720
2021-04-11,13595.38,13905.41,13582.88,13900.18,4246209344
2021-04-18,13854.3,14062.5,13784.24,14052.34,4361033408
2021-04-25,13983.08,14062.74,13698.98,14016.81,4299904640
2021-05-02,14052.0,14210.65,13941.75,13962.68,4231442976
2021-05-09,14031.62,14041.87,13439.69,13752.24,4205203552
2021-05-16,13687.93,13687.93,13003.2,13429.98,4812134912
2021-05-23,13368.9,13615.41,13072.37,13470.99,4109406400
2021-05-30,13557.06,13820.87,13551.17,13748.74,4681937600
2021-06-06,13827.96,13836.17,13549.23,13814.49,3689464896
2021-06-13,13803.33,14069.42,13784.89,14069.42,4890298688
2021-06-20,14083.57,14196.21,13903.73,14030.38,5865887488
2021-06-27,14047.22,14414.4,13960.29,14360.4,6620784064
2021-07-04,14417.2,14649.1,14417.2,14639.3,4423612160
2021-07-11,14661.0,14755.3,14372.5,14701.9,3459504704
2021-07-18,14742.7,14803.6,14413.3,14427.2,4042515904
2021-07-25,14238.0,14846.1,14179.4,14837.0,4197027264
2021-08-01,14821.9,14863.6,14503.8,14672.7,4094355328
2021-08-08,14759.7,14896.2,14584.5,14835.8,4095070912
2021-08-15,14856.2,14894.6,14693.5,14822.9,3894425216
2021-08-22,14771.7,14794.4,14424.3,14714.7,3985102848
2021-08-29,14777.2,15144.5,14777.2,15129.5,3815770432
2021-09-05,15166.0,15379.5,15166.0,15363.5,4084126464
2021-09-12,15376.0,15403.4375,15111.3105,15115.4941,15373155000
2021-09-19,15211.4004,15215.4424,14984.6777,15043.9678,22202692000
2021-09-26,14758.0996,15085.4365,14530.0732,15047.6992,19272969000
2021-10-03,14954.2002,15003.1592,14324.0107,14566.6973,23023598000
2021-10-10,14493.0996,14755.7178,14181.6914,14579.5371,18425222000
2021-10-17,14540.0996,14904.9766,14441.6006,14897.3398,18510096000
2021-10-24,14839.7002,15222.2549,14833.2813,15090.2002,21221079000
2021-10-31,15142.9004,15504.1211,15070.75,15498.3887,27502307000
2021-11-07,15541.2998,16053.3857,15470.8174,15971.5879,24047828000
2021-11-14,15995.7002,16038.2314,15543.6807,15860.958,24005843000
2021-11-21,15894.7998,16121.1162,15778.3086,16057.4375,23490392000
2021-11-28,16120.9004,16212.2285,15456.0889,15491.6572,16618666000
2021-12-05,15719.4004,15833.1143,14931.0557,15085.4717,25336693000
2021-12-12,15117.5996,15796.0527,14931.6113,15630.6006,20717185000
2021-12-19,15621.2998,15637.0605,14960.3662,15169.6816,24113901000
2021-12-26,14933.0,15697.9766,14860.0391,15653.374,15208239000
2022-01-02,15696.8291,15901.4697,15643.9355,15644.9707,16321811000
2022-01-09,15732.5,15852.1357,14877.6289,14935.9014,20422902000
2022-01-16,14751.7998,15319.0332,14530.2266,14893.7529,19458422000
2022-01-23,14681.7998,14740.5439,13764.2412,13768.9219,18231644000
2022-01-30,13481.5,14002.6504,13094.6533,13770.5732,23770037000
2022-02-06,13812.1943,14504.8164,13767.7119,14098.0068,20087849000
2022-02-13,14118.7998,14509.5586,13733.1602,13791.1504,21453539000
2022-02-20,13769.0,14163.7305,13465.5615,13548.0654,19032965000
2022-02-27,13424.4004,13696.8623,12587.8818,13694.624,17452858000
2022-03-06,13570.7998,13837.5879,13224.9775,13313.4385,24535141000
2022-03-13,13328.4004,13353.2793,12670.083,12843.8076,25265304000
2022-03-20,12795.0996,13899.2813,12555.3496,13893.8369,28437421000
2022-03-27,13860.3857,14218.7607,13682.5537,14169.2998,24036210000
2022-04-03,14177.208,14646.9023,14101.3369,14261.5,24464368000
2022-04-10,14304.4004,14534.3779,13689.2324,13710.9961,21351130000
2022-04-17,13547.2998,13685.9463,13317.7402,13351.0791,17333213000
2022-04-24,13319.4004,13710.6953,12828.0215,12839.293,20427661000
2022-05-01,12749.2002,13011.4463,12315.7422,12334.6396,20906479000
2022-05-08,12331.6855,12985.0117,11990.1465,12144.6621,21469498000
2022-05-15,11923.0,11990.6094,11108.7598,11805.002,26432695000
2022-05-22,11727.1416,11988.4268,11035.6885,11354.6172,22266874000
2022-05-29,11396.2998,12131.6572,11092.4775,12131.1309,20290986000
2022-06-05,12137.5,12320.1211,11901.4346,12012.7344,16891414000
2022-06-12,12200.2998,12245.4014,11328.2734,11340.0244,21617845000
2022-06-19,10986.8457,11244.2637,10565.1348,10798.3496,26001487000
2022-06-26,10974.0996,11613.2256,10938.0576,11607.6201,22779699000
2022-07-03,11661.0,11677.4854,10850.0059,11127.8447,23340812000
2022-07-10,10964.2002,11689.6953,10911.4531,11635.3076,16760573000
2022-07-17,11524.5,11541.0977,11005.9336,11452.4199,19557030000
2022-07-24,11561.6377,12093.0176,11322.8389,11834.1113,22298248000
2022-07-31,11838.0,12426.2637,11533.3721,12390.6875,20294115000
2022-08-07,12318.0,12736.1855,12260.4775,12657.5547,22320850000
2022-08-14,12703.7002,13047.1855,12438.8643,13047.1855,23662070000
2022-08-21,12996.5996,13181.0869,12674.8691,12705.2148,21590451000
2022-08-28,12523.2002,12655.8359,12141.5195,12141.71,18342697000
2022-09-04,12021.0,12124.8682,11546.5156,11630.8643,19722553000
2022-09-11,11643.0283,12132.6748,11471.5039,12112.3066,15387732000
2022-09-18,12174.9004,12270.1885,11316.9199,11448.4033,23137355000
2022-09-25,11338.5996,11613.5732,10732.7188,10867.9258,19377308000
2022-10-02,10833.4004,11101.499,10572.3301,10575.6191,18668761000
2022-10-09,10659.0,11230.4404,10577.8896,10652.4043,19030933000
2022-10-16,10659.9004,10766.6855,10088.8281,10321.3887,18424706000
2022-10-23,10575.5996,10972.9717,10542.4307,10859.7158,19862501000
2022-10-30,10867.0996,11210.376,10713.3271,11102.4502,21797294000
2022-11-06,11028.4004,11156.3496,10262.9268,10475.2549,21383522000
2022-11-13,10516.9004,11352.4287,10344.0137,11323.3311,23035068000
2022-11-20,11233.9004,11492.6162,11006.2129,11146.0596,20783547000
2022-11-27,11091.0,11310.8242,10975.6641,11226.3555,12948690000
2022-12-04,11147.5996,11546.7734,10944.3711,11461.4971,21973108000
2022-12-11,11381.0,11425.5146,10910.6162,11004.6172,19253080000
2022-12-18,11015.5,11571.6416,10642.1025,10705.4141,26488840000
2022-12-25,10707.4004,10753.5742,10313.3193,10497.8633,19373048000
2023-01-01,10462.2002,10502.0811,10207.4727,10466.4814,13586612000
2023-01-08,10562.0996,10613.0635,10265.0391,10569.2939,17316073000
2023-01-15,10662.0996,11084.0078,10589.5947,11079.1563,22531319000
2023-01-22,11070.0,11223.4141,10804.5732,11140.4346,18553877000
2023-01-29,11171.9004,11691.8877,11069.1748,11621.71,26376687000
2023-02-05,11512.2998,12269.5547,11388.5439,12006.9551,26500170000
2023-02-12,11904.4004,12150.2168,11630.54,11718.1201,23405627000
2023-02-19,11759.0996,12071.2871,11673.2139,11787.2715,21584681000
2023-02-26,11640.4004,11684.1406,11334.4658,11394.9414,16231987000
2023-03-05,11517.2002,11699.6338,11273.6084,11689.0059,22370653000
2023-03-12,11736.9004,11827.9229,11093.8633,11138.8877,23321511000
2023-03-19,11041.5,11773.1123,10982.8027,11630.5137,26173704000
2023-03-26,11614.4004,12013.9854,11550.6934,11823.96,20734379000
2023-04-02,11868.543,12227.9316,11635.0254,12221.9063,20434140000
2023-04-09,12146.0996,12224.6807,11898.3633,12087.9561,15192737000
2023-04-16,11975.0996,12205.7207,11916.5391,12123.4658,20890875000
2023-04-23,12108.2002,12245.4268,11986.8184,12072.4561,21810970000
2023-04-30,12053.5,12227.7158,11798.7734,12226.584,23480081000
2023-05-07,12210.0,12261.3174,12015.2256,12147.4443,12873399000
2023-05-14,,,,,0
2023-05-21,,,,,0
2023-05-28,12652.9004,13001.9111,12415.8516,12975.6875,15656235000
2023-06-04,13109.0996,13256.2139,12889.3701,13240.7656,17964049000
2023-06-11,13238.5,13385.9482,13089.4824,13259.1436,21050812000
2023-06-18,13326.4004,13864.0605,13302.584,13689.5713,27434497000
2023-06-25,13642.2998,13711.1846,13441.5615,13492.5156,21252990000
2023-07-02,13468.7002,13816.6748,13334.4209,13787.9229,20908675000
2023-07-09,13798.7002,13844.5029,13567.2549,13660.7158,18130291000
2023-07-16,13645.4004,14232.1123,13584.8662,14113.7031,23846518000
2023-07-23,14149.9004,14446.5508,14020.4521,14032.8057,22671461000
2023-07-30,14081.5996,14360.1992,13997.0996,14316.6572,20292323000
2023-08-06,14337.9004,14370.9072,13881.3486,13909.2383,24231969000
2023-08-13,13972.5,13997.1543,13609.9766,13644.8496,23729975000
2023-08-20,13599.0,13789.1563,13161.7646,13290.7764,22941320000
2023-08-27,13347.2998,13834.6855,13325.5918,13590.6465,18890609000
2023-09-03,13695.4004,14149.6221,13626.6426,14031.8145,19397974000
2023-09-10,13994.5,14060.8506,13642.4697,13761.5254,15657355000
2023-09-17,13884.0,13957.5693,13684.2441,13708.335,22844819000
2023-09-24,13670.0,13751.2813,13200.6387,13211.8066,21439158000
2023-10-01,13172.5,13382.9834,12963.1641,13219.3223,20819616000
2023-10-08,13337.7002,13472.2656,13008.5967,13431.3408,19213409000
2023-10-15,13326.2002,13714.1357,13277.4766,13407.2344,19143976000
2023-10-22,13453.7998,13602.248,12977.4346,12983.8076,20192771000
2023-10-29,12930.9004,13170.3926,12543.8564,12643.0107,20015438000
2023-11-05,12750.4648,13520.2783,12691.5635,13478.2832,20072512000
2023-11-12,13514.0996,13802.5264,13435.9922,13798.1074,21001484000
2023-11-19,13746.0,14194.3594,13687.7773,14125.4814,21259546000
2023-11-26,14134.7998,14359.6074,14134.1973,14250.8545,13706342000
2023-12-03,14239.2998,14423.2178,14127.0547,14305.0322,22584499000
2023-12-10,14168.7002,14416.917,14058.5205,14403.9727,26494299000
2023-12-17,14340.0996,14855.6191,14324.5664,14813.9199,31598583000
2023-12-24,14814.0,15069.293,14776.2861,14992.9727,26248915000
2023-12-31,15028.7002,15150.0664,14955.3691,15011.3525,22900116000
2024-01-07,14873.7002,14887.8027,14477.5684,14524.0732,19937645000
2024-01-14,14564.5,15063.6113,14560.1973,14972.7598,23612567000
2024-01-21,14908.2598,15310.9688,14706.2344,15310.9678,20716208000
2024-01-28,15393.0,15629.0723,15333.6279,15455.3633,22988685000
2024-02-04,15470.6563,15664.2119,15158.4922,15628.9541,22797304000
2024-02-11,15614.0,16007.29,15471.6797,15990.6641,23448070000
2024-02-18,15980.5996,16080.0732,15551.4443,15775.6504,25574477000
2024-02-25,15730.4688,16134.2197,15451.6523,15996.8203,19646727000
2024-03-03,16014.5,16054.8984,15973.9043,15976.251,4998079000
